市場,family,title,price,median,net,condition,状態,出口基準,verdict,hit,status,url,scanned_at
Yahoo!フリマ,p_audio_pma2500ne,DENON PMA-2500NE ,95000,176000,38640,used40,中古,中古,keep,,SOLD,https://paypayfleamarket.yahoo.co.jp/item/z692454738,2026-10-01T09:03
Yahoo!フリマ,w_sel70300g,SONY FE 70-300mm F4.5-5.6 G OSS SEL70300G 望遠ズームレンズ,33000,81004,27968,used20,中古,中古,kill,カビ・くもり,SOLD,https://paypayfleamarket.yahoo.co.jp/item/z682057360,2026-10-01T09:03
Yahoo!フリマ,p_kitchen_im45m,ホシザキ 業務用 全自動製氷機 IM-45M HOSHIZAKI 45kgタイプ アンダーカウンター,70000,121000,21565,used60,中古,中古,keep,良好語あり,SOLD,https://paypayfleamarket.yahoo.co.jp/item/z623037666,2026-10-01T09:03
Yahoo!フリマ,w_so53d,SONY Xperia 5 V SO-53D 128GB SIM フリー,18000,49848,19134,used20,中古,中古,kill,(確定) ジャンク|動作未確認|部品取り|欠品,OPEN,https://paypayfleamarket.yahoo.co.jp/item/z695438922,2026-10-01T09:03
Yahoo!フリマ,prs_se_c24,Paul Reed Smith SE Custom24,35000,69605,17248,used40,中古,中古,kill,欠品,SOLD,https://paypayfleamarket.yahoo.co.jp/item/z643818440,2026-10-01T09:03
Yahoo!フリマ,w_rx100m3,SONY Cyber-shot DSC-RX100M3 ソニー コンパクトデジタルカメラ RX100 III サイバーショット,28000,58432,15700,used60,中古,中古,keep,,SOLD,https://paypayfleamarket.yahoo.co.jp/item/o1223833412,2026-09-02T03:03
Yahoo!フリマ,p_tools_wh36dd,HiKOKI ハイコーキ コードレスインパクトドライバー　WH36DD,11000,35000,14775,used40,中古,中古,keep,,OPEN,https://paypayfleamarket.yahoo.co.jp/item/z668654938,2026-08-27T17:03
Yahoo!フリマ,w_rx100m2,SONY RX100M2 ,15000,41115,15453,used60,中古,中古,keep,,SOLD,https://paypayfleamarket.yahoo.co.jp/item/z671213446,2026-10-01T02:03
Yahoo!フリマ,p_tools_wh36dd,HiKOKI 『WH36DD』 コードレス インパクトドライバー 本体,12800,35000,12975,used20,中古,中古,kill,欠品,OPEN,https://paypayfleamarket.yahoo.co.jp/item/z689403114,2026-09-25T09:03
Yahoo!フリマ,p_home_sv50,（早い者勝ち）ダイソン SV50 コードレス掃除機 ヘッドのみ　動作確認済み,12000,33821,12873,used20,中古,中古,keep,,OPEN,https://paypayfleamarket.yahoo.co.jp/item/z692832636,2026-10-01T09:03
Yahoo!フリマ,w_so53d,SONY Xperia 5 V SO-53D 128GB SIM フリー,24500,49848,12634,used40,中古,中古,kill,表示・液晶不良|割れ・クラック|欠品,OPEN,https://paypayfleamarket.yahoo.co.jp/item/z684061352,2026-09-30T03:03
Yahoo!フリマ,p_tools_wh36dd,HiKOKI WH36DD コードレスインパクトドライバ 36V,13500,35000,12275,used40,中古,中古,keep,,OPEN,https://paypayfleamarket.yahoo.co.jp/item/z683278826,2026-10-01T09:03
Yahoo!フリマ,p_watch_ga110pkm,CASIO G-SHOCK GA-110PKM-7AJR ポケモンコラボモデル,40000,69500,12168,used10,中古,中古,keep,,SOLD,https://paypayfleamarket.yahoo.co.jp/item/z684471804,2026-10-01T09:03
Yahoo!フリマ,p_tools_wh36dd,未使用品　HiKOKI インパクトドライバー WH36DD 本体ケース ブラック,15000,36500,11922,new,新品,新品,keep,,SOLD,https://paypayfleamarket.yahoo.co.jp/item/z644806678,2026-08-26T02:03
Yahoo!フリマ,p_tools_wh36dd,週末まで値引き中！　美品　HiKOKI ハイコーキ WH36DD インパクトドライバー ストロングブラック ,14000,35000,11775,used20,中古,中古,keep,良好語あり,OPEN,https://paypayfleamarket.yahoo.co.jp/item/z678322444,2026-09-22T17:03
Yahoo!フリマ,p_tools_wh36dd,HiKOKI コードレスインパクトドライバ 36V WH36DD アグレッシブグリーン未使用品,15800,36500,11122,new,新品,新品,keep,,SOLD,https://paypayfleamarket.yahoo.co.jp/item/z644621148,2026-08-31T02:03
Yahoo!フリマ,p_tools2_hn90n6,MAX マックス 高圧釘打機 HN-90N6(D) スーパーネイラ 釘打機,36000,62590,10881,used60,中古,中古,keep,,SOLD,https://paypayfleamarket.yahoo.co.jp/item/z633585810,2026-10-01T09:03
Yahoo!フリマ,p_tools_wh36dd,展示品未使用　HiKOKI ハイコーキ WH36DD アグレッシブグリーン,16200,36500,10722,new,新品,新品,keep,,OPEN,https://paypayfleamarket.yahoo.co.jp/item/z683820586,2026-10-01T09:03
Yahoo!フリマ,p_tools_wh36dd,未使用　HiKOKI ハイコーキ WH36DD ストロングブラック,16500,36500,10422,new,新品,新品,keep,,SOLD,https://paypayfleamarket.yahoo.co.jp/item/z604975092,2026-09-13T22:03
Yahoo!フリマ,p_tools_wh36dd,送料無料　未使用　 ハイコーキ HITACHI 日立工機 18V 36V 充電式インパクトドライバ マルチボルト　HIKOKI WH36DD ストロングブラック,16780,36500,10142,new,新品,新品,keep,,OPEN,https://paypayfleamarket.yahoo.co.jp/item/e1246392728,2026-10-01T09:03
Yahoo!フリマ,p_tools_wh36dd,送料無料　未使用　 ハイコーキ HITACHI 日立工機 18V 36V 充電式インパクトドライバ マルチボルト　HIKOKI WH36DD ストロングブラック,16780,36500,10142,new,新品,新品,keep,,OPEN,https://paypayfleamarket.yahoo.co.jp/item/d1245820343,2026-09-29T19:03
Yahoo!フリマ,p_tools_wh36dd,送料無料　未使用　 ハイコーキ HITACHI 日立工機 18V 36V 充電式インパクトドライバ マルチボルト　HIKOKI WH36DD ストロングブラック,16780,36500,10142,new,新品,新品,keep,,OPEN,https://paypayfleamarket.yahoo.co.jp/item/c1242322851,2026-09-25T10:03
Yahoo!フリマ,p_tools_wh36dd,HiKOKI WH36DD インパクトドライバ スパイダーイエロー 本体 36V対応 日立 ハイコーキ 本体 未使用,16790,36500,10132,new,新品,新品,keep,,OPEN,https://paypayfleamarket.yahoo.co.jp/item/d1243439651,2026-09-11T17:03
Yahoo!フリマ,p_tools_wh36dd,HiKOKI WH36DD インパクトドライバ スパイダーイエロー 本体 36V対応 日立 ハイコーキ 本体 未使用,16980,36500,9942,new,新品,新品,keep,,OPEN,https://paypayfleamarket.yahoo.co.jp/item/1241953873,2026-09-05T21:03
Yahoo!フリマ,p_tools_wh36dd,Hikoki ハイコーキ WH36DD インパクトドライバー 電動ドライバー 36V ほぼ新品 グリーン 緑 人気 最新モデル,16200,35000,9575,used10,中古,中古,kill,無在庫・併売,SOLD,https://paypayfleamarket.yahoo.co.jp/item/z632660156,2026-09-21T04:03
Yahoo!フリマ,p_tools_wh36dd,送料無料　未使用　ハイコーキ コードレスインパクトドライバ スパイダーイエロー　HITACHI 日立工機　HIKOKI WH36DD,17480,36500,9442,new,新品,新品,keep,,OPEN,https://paypayfleamarket.yahoo.co.jp/item/1245185238,2026-10-01T09:03
Yahoo!フリマ,p_tools_wh36dd,送料無料　未使用　ハイコーキ 充電式インパクトドライバ 最新モデル　WH36DD 36v 18v MV フォレストグリーン　HIKOKI 日立　HITACHI,17480,36500,9442,new,新品,新品,keep,,OPEN,https://paypayfleamarket.yahoo.co.jp/item/e1245197642,2026-10-01T09:03
Yahoo!フリマ,p_tools_wh36dd,送料無料　未使用　ハイコーキ コードレスインパクトドライバ レッド　HITACHI 日立工機　HIKOKI WH36DD スコーピオンレッド ,17480,36500,9442,new,新品,新品,keep,,OPEN,https://paypayfleamarket.yahoo.co.jp/item/1245875294,2026-10-01T09:03
Yahoo!フリマ,p_tools_wh36dd,送料無料　未使用　ハイコーキ コードレスインパクトドライバ レッド　HITACHI 日立工機　HIKOKI WH36DD スコーピオンレッド ,17480,36500,9442,new,新品,新品,keep,,OPEN,https://paypayfleamarket.yahoo.co.jp/item/c1245042794,2026-09-25T19:03
Yahoo!フリマ,p_tools_wh36dd,送料無料　未使用　ハイコーキ コードレスインパクトドライバ レッド　HITACHI 日立工機　HIKOKI WH36DD スコーピオンレッド ,17480,36500,9442,new,新品,新品,keep,,OPEN,https://paypayfleamarket.yahoo.co.jp/item/u1239072699,2026-09-21T19:03
Yahoo!フリマ,p_tools_wh36dd,送料無料　未使用　ハイコーキ 充電式インパクトドライバ 最新モデル　WH36DD 36v 18v MV フォレストグリーン　HIKOKI 日立　HITACHI,17480,36500,9442,new,新品,新品,keep,,OPEN,https://paypayfleamarket.yahoo.co.jp/item/k1244529764,2026-09-19T20:03
Yahoo!フリマ,p_tools_wh36dd,送料無料　未使用　ハイコーキ コードレスインパクトドライバ スパイダーイエロー　HITACHI 日立工機　HIKOKI WH36DD,17480,36500,9442,new,新品,新品,keep,,OPEN,https://paypayfleamarket.yahoo.co.jp/item/t1239650216,2026-09-19T12:03
Yahoo!フリマ,p_tools_wh36dd,送料無料　未使用　ハイコーキ 充電式インパクトドライバ 最新モデル　WH36DD 36v 18v MV フォレストグリーン　HIKOKI 日立　HITACHI,17480,36500,9442,new,新品,新品,keep,,OPEN,https://paypayfleamarket.yahoo.co.jp/item/r1242806090,2026-09-14T14:03
Yahoo!フリマ,p_tools_wh36dd,送料無料　未使用　ハイコーキ 充電式インパクトドライバ 最新モデル　WH36DD 36v 18v MV フォレストグリーン　HIKOKI 日立　HITACHI,17480,36500,9442,new,新品,新品,keep,,OPEN,https://paypayfleamarket.yahoo.co.jp/item/q1242027441,2026-08-31T07:03
Yahoo!フリマ,p_tools_wh36dd,HiKOKI 36V コードレスインパクトドライバ WH36DD 本体とビット,16490,35000,9285,used20,中古,中古,keep,,OPEN,https://paypayfleamarket.yahoo.co.jp/item/t1230700855,2026-09-11T19:03
Yahoo!フリマ,p_pc_ga83,東芝Dynabook GA83/XY Ryzen5 7430U 800g台軽量,26800,48000,8920,used20,中古,中古,keep,,OPEN,https://paypayfleamarket.yahoo.co.jp/item/z628936670,2026-10-01T09:03
Yahoo!フリマ,p_pc_a2159,【傷有り】MacBook Pro 13-inch 液晶ディスプレイ　A2159 2019年より取り外し　管理1402,12980,29900,8894,used40,中古,中古,kill,外装劣化,OPEN,https://paypayfleamarket.yahoo.co.jp/item/z640906686,2026-10-01T09:03
Yahoo!フリマ,p_tools_wh36dd,◆新品◆　HiKOKI コードレスインパクトドライバ WH36DD 36V アグレッシブグリーン,18300,36500,8622,new,新品,新品,keep,,OPEN,https://paypayfleamarket.yahoo.co.jp/item/z667132214,2026-10-01T09:03
Yahoo!フリマ,p_tools_wh36dd,HiKOKI コードレスインパクトドライバ WH36DD 36V ,18300,36500,8622,new,新品,新品,keep,,OPEN,https://paypayfleamarket.yahoo.co.jp/item/z667937550,2026-09-28T17:03
Yahoo!フリマ,p_tools_wh36dd,未使用品　HiKOKI インパクトドライバー WH36DD 本体ケース ,18500,36500,8422,new,新品,新品,keep,,OPEN,https://paypayfleamarket.yahoo.co.jp/item/z660707692,2026-09-24T01:03
Yahoo!フリマ,p_tools_wh36dd,HiKOKI コードレスインパクトドライバ WH36DDフォレストグリーン本体ケース,18500,36500,8422,new,新品,新品,keep,,OPEN,https://paypayfleamarket.yahoo.co.jp/item/z666527424,2026-08-27T22:03
Yahoo!フリマ,p_tools_wh36dd,HiKOKI コードレスインパクトドライバ 36V WH36DD ストロングブラック,18600,36500,8322,new,新品,新品,keep,,OPEN,https://paypayfleamarket.yahoo.co.jp/item/z669031034,2026-10-01T09:03
Yahoo!フリマ,p_tools_wh36dd,未使用品　HiKOKI インパクトドライバー WH36DD 本体ケース,18800,36500,8122,new,新品,新品,keep,,OPEN,https://paypayfleamarket.yahoo.co.jp/item/z690406994,2026-10-01T09:03
Yahoo!フリマ,p_tools_wh36dd,◆新品◆　HiKOKI コードレスインパクトドライバ 36V WH36DD　ストロングブラック,18800,36500,8122,new,新品,新品,keep,,OPEN,https://paypayfleamarket.yahoo.co.jp/item/z627651838,2026-10-01T09:03
Yahoo!フリマ,p_tools_wh36dd,HiKOKI コードレスインパクトドライバ WH36DD 36V ,18900,36500,8022,new,新品,新品,keep,,OPEN,https://paypayfleamarket.yahoo.co.jp/item/z685542638,2026-09-20T10:03
Yahoo!フリマ,w_fz85,Panasonic LUMIX DC-FZ85,10500,24800,7472,used60,中古,中古,kill,難あり|欠品,OPEN,https://paypayfleamarket.yahoo.co.jp/item/z669772750,2026-10-01T09:03
Yahoo!フリマ,p_tools2_hn65n4,マックス(MAX) 高圧エア釘打ち機 HN-65N4(D)-R,22000,39800,7447,used60,中古,中古,keep,良好語あり,SOLD,https://paypayfleamarket.yahoo.co.jp/item/z628887064,2026-10-01T09:03
Yahoo!フリマ,p_home_rs40,SHARP シャープ 加湿空気清浄機 KI-RS40-W プラズマクラスター,5700,18050,7108,used10,中古,中古,keep,,SOLD,https://paypayfleamarket.yahoo.co.jp/item/z573269144,2026-09-18T19:03
Yahoo!フリマ,w_sel2860,SONY FE 28-60mm f4-5.6 SEL2860 ズームレンズ ソニー,8000,21000,7065,used60,中古,中古,kill,ジャンク|動作未確認|部品取り|カビ・くもり,SOLD,https://paypayfleamarket.yahoo.co.jp/item/z640498424,2026-10-01T05:30
Yahoo!フリマ,p_tools2_hs474d,マキタ HS474D 充電式マルノコ BRUSHLESS BL MOTOR,8000,19800,6147,used40,中古,中古,kill,(確定) 部品取り,OPEN,https://paypayfleamarket.yahoo.co.jp/item/z676879644,2026-10-01T09:03
Yahoo!フリマ,p_pc_a2159,【完動品】MacBook Pro 13inch 2019 A2159 ロジックボード Intel Core i5 SSD 250,15980,29900,5894,used20,中古,中古,keep,,OPEN,https://paypayfleamarket.yahoo.co.jp/item/z641352412,2026-10-01T09:03
Yahoo!フリマ,p_home_krn01jp,BALMUDA The Range KRN01JP-WH ホワイト 電子レンジ バルミューダ,16000,29800,5797,used20,中古,中古,keep,,OPEN,https://paypayfleamarket.yahoo.co.jp/item/z687680570,2026-10-01T05:30
Yahoo!フリマ,p_tools2_hs474d,マキタ HS474D 18V,9000,19800,5147,used40,中古,中古,kill,不動・故障,SOLD,https://paypayfleamarket.yahoo.co.jp/item/z598022748,2026-10-01T09:03
Yahoo!フリマ,p_pc_a1706,Macbook Pro 2016-2017 A1706 13インチ,10000,20990,5057,used20,中古,中古,keep,,OPEN,https://paypayfleamarket.yahoo.co.jp/item/z476758206,2026-10-01T09:03
Yahoo!フリマ,p_tools2_hn50n2,MAX HN-50N2(D) 高圧釘打機 本体,12000,23576,5036,used60,中古,中古,kill,ジャンク|動作未確認|部品取り|カビ・くもり,OPEN,https://paypayfleamarket.yahoo.co.jp/item/z629087332,2026-10-01T05:30
Yahoo!フリマ,p_watch_ga2100,CASIO G-SHOCK GA-2100 カシオーク 星空 文字盤 カスタム,3000,9980,3635,new,新品,新品,keep,,OPEN,https://paypayfleamarket.yahoo.co.jp/item/z576813746,2026-10-01T05:30
Yahoo!フリマ,p_audio_wh1000xm5,SONY WH-1000XM5（破損あり）,9800,18621,3445,used60,中古,中古,kill,修理歴・折れ,OPEN,https://paypayfleamarket.yahoo.co.jp/item/z667606374,2026-09-29T05:30
Yahoo!フリマ,p_audio_hw700ds,SONY 9.1ch デジタルサラウンドヘッドホンシステム MDR-HW700DS,6498,14000,3212,used20,中古,中古,kill,修理歴・折れ,SOLD,https://paypayfleamarket.yahoo.co.jp/item/l1233268372,2026-10-01T05:30
メルカリ,fender_acoustasonic_tele,FenderAcoustasonicStandardTelecaster黒,69999,158286,50090,,中古,中古,kill,(確定) ジャンク,OPEN,https://jp.mercari.com/item/m96962893505,2026-09-29T05:56
メルカリ,fender_acoustasonic_tele,Fender Acoustasonic Standard Telecaster,70000,158286,50089,,中古,中古,keep,,OPEN,https://jp.mercari.com/item/m65847326109,2026-09-29T05:56
メルカリ,x100v,【美品・付属品完備】SONY RX100V 海外版 日本語表示可,100000,185000,40525,,中古,中古,kill,(確定) ジャンク,OPEN,https://jp.mercari.com/item/m40259549600,2026-09-29T05:56
ラクマ,p_home_sv50,Dyson  （早い者勝ち）ダイソン SV50 コードレス掃除機 ヘッドのみ　動作確認済み,12000,33821,12873,,中古,中古,kill,(確定) 不動・故障,OPEN,https://item.fril.jp/235c6459549c5cebde0bd06af0ed41cb,2026-10-01T06:04
ラクマ,p_home_rs40,SHARP  [中古] シャープ 加湿空気清浄機 プラズマクラスター25000 KI-RS40 ホワイト(空気清浄～18畳 / 加湿〜最大12畳)　ki-rs40 ホワイト [良い(B)],8800,18050,4008,,中古,中古,kill,(確定) ジャンク|難あり|欠品,OPEN,https://item.fril.jp/fb4d2dd7f02706a9b9e798c4764f7f68,2026-10-01T06:04
