family,price,buyback,gross,gross_hc,end_time,bids,title,auction_id,body_verdict,body_hit,body_chars,overridden,niche,ニッチ,buy_good,ship
w_rx100m7,57000,106000,48000,37400,2026-07-28T21:43:26+09:00,32,高YA937 SONY Cyber-shot DSC-RX100M7 コンパクトデジタルカメラ 元箱付,n1238097960,keep,,771,False,camera,カメラ,,
w_ax700,137800,184000,45200,26800,2026-08-10T21:55:09+09:00,1,SONY 4K ビデオカメラ Handycam FDR-AX700 ブラック 光学ズーム12倍 1.0型 Exmor RS CMO #2607074A,x1238248035,keep,(LLMが撤回: カビ・くもり) 免責文のみで実際の欠陥なし|カビ・くもりは保証対象外の記載,1705,False,camera,カメラ,,
w_ax60,74000,108000,33000,22200,2026-02-06T23:47:02+09:00,1,SONY FDR-AX60 ビデオカメラ,q1208467137,keep,,49,False,camera,カメラ,,
w_rx100m2,19003,40000,19997,15997,2026-03-08T22:32:09+09:00,21,ソニー SONY SONY DSC-RX100M2 #0223@c RO4006,j1218476105,keep,,1425,False,camera,カメラ,,
w_sal70200g2,89000,115000,25000,13500,2026-02-23T23:20:23+09:00,1,きれい ソニー SONY 70-200mm F2.8 G SSM II SAL70200G2,1219690940,keep,(LLMが撤回: カビ・くもり) 「レンズ、カビくもりなくクリアーです。」と記載されており、欠陥（カビ・くもり）がないことを明示している。|「現状渡し、返品不可。」は免責の定型文であり、欠陥の記述ではない。,2704,False,camera,カメラ,,
w_xf56mm,56800,77000,19200,11500,2026-05-21T22:45:05+09:00,1,★超美品　返品保証★ FUJIFILM フジフイルム フジノン XF56mm F1.2 R AF レンズ　防湿庫管理 #H487,j1230349701,keep,(LLMが撤回: ジャンク|カビ・くもり) ジャンクと記載されているが「問題はありませんでした」および「異常はございませんでした」と明記されており、欠陥を示す記述はない|カビ・くもりについては「カビ、クモリはありません」と否定しており、欠陥は示されていない,3890,False,camera,カメラ,,
w_sel1224g,95000,119000,23000,11100,2026-06-22T16:53:30+09:00,1,Sony (ソニー) - FE 12-24mm F4 G OSS 広角ズームレンズ (SEL1224G),r1233860469,keep,良好語あり,2968,False,camera,カメラ,,
w_fz85,10500,24000,12500,10100,2026-07-17T22:19:11+09:00,14,パナソニック/Panasonic LUMIX DC-FZ85 コンパクト デジタルカメラ　♯4896,o1237301262,keep,(LLMが撤回: ジャンク|動作未確認) 具体的な欠陥（例: カビ、傷、故障等）を示す記述がない|記載は商品一覧や免責・注意書きに留まっており、実際の欠陥を述べていない,4240,False,camera,カメラ,,
w_sel18200le,22000,36000,13000,9400,2026-07-21T21:37:04+09:00,24,SONY SEL18200LE α E18-200mm F3.5-6.3OSS LE レンズ箱あり,j1237047548,keep,,2694,False,camera,カメラ,,
w_xf23mmf1,50015,67000,15985,9285,2026-02-07T22:08:01+09:00,1,★極上美品★ FUJIFILM XF23mmF1.4 R / 富士フイルムXマウント #23830572,t1210045123,keep,(LLMが撤回: 不動・故障) Excerpt 1 only warns that the item is used and advises cautious bidders; it does not state any concrete defect.|Excerpt ,4145,False,camera,カメラ,,
w_sel1635z,32510,47000,13490,8790,2026-02-08T22:29:26+09:00,38,ソニー　SONY Vario-Tessar T* FE 16-35mm F4 ZA OSS (SEL1635Z),t1218715548,keep,,2667,False,camera,カメラ,,
w_fz85,12100,24000,10900,8500,2026-05-05T22:31:17+09:00,1,Panasonic LUMIX DC-FZ85 コンパクトデジタルカメラ コンデジ 動作確認済み パナソニック,w1226638796,keep,良好語あり,827,False,camera,カメラ,,
w_fz85,12666,24000,10334,7934,2026-03-29T23:15:00+09:00,11,【状態考慮セール!!】Panasonic LUMIX DC-FZ85 20-1200 60X デジタルカメラ パナソニック ルミックス ブラック,q1223802118,keep,,603,False,camera,カメラ,,
w_ns043,56000,71000,14000,6900,2026-04-11T11:06:02+09:00,1,42.5mm　F1.2　LUMIX G　パナソニック　H-NS043　Panasonic 　レンズ,o1226159555,keep,良好語あり,2937,False,camera,カメラ,,
w_vg20,6250,15300,8050,6520,2026-08-31T20:42:01+09:00,26,M1014 SONY / ソニー HANDYCAM E-mount NEX-VG20 デジタルビデオカメラ 取説有 (2),r1241883480,keep,,1024,False,camera,カメラ,,
w_g617,56500,70700,13200,6130,2026-07-19T20:22:50+09:00,25,【FUJICA/フジカ】午⑤149//箱付 G617/フジカセンターカラー/ND2×77mm,o1237393359,keep,良好語あり,4438,False,camera,カメラ,,
w_sel2470z,32500,44000,10500,6100,2026-03-27T22:17:24+09:00,1,SONY ソニー Vario-Tessar T* FE 24-70mm F4 ZA OSS ズームレンズ SEL2470Z #423,l1208708065,keep,(LLMが撤回: ジャンク) 免責・注意書きのみで具体的な欠陥記述が残っていない,3185,False,camera,カメラ,,
w_fs100300,25350,36000,9650,6050,2026-02-10T22:24:38+09:00,2,カメラレンズ Panasonic パナソニック LUMIX G VARIO 100-300mm/F4.0-5.6 H-FS100300 直接お渡し歓迎 AYN017638相,e1218079679,keep,,5033,False,camera,カメラ,,
w_sel85f18,31800,43000,10200,5900,2026-08-23T22:27:14+09:00,30,TK07325 SONY ソニー FE 85mm F1.8 SEL85F18 レンズ,q1241155086,keep,,753,False,camera,カメラ,,
w_sel2470z,33022,44000,9978,5578,2026-06-21T23:29:01+09:00,17,中古品 SONY Vario-Tessar FE 24-70mm F4 ZA OSS Eマウント ソニー SEL2470Z Carl Zeiss,v1233223106,keep,(LLMが撤回: ジャンク|難あり|カビ・くもり) 文中は「点カビがある」等の確定的記述がなく、可能性の注意書きのみ|「〜の場合がございます」「ご了承ください」等の注意文とみなされるため欠陥とは判断できない,4010,False,camera,カメラ,,
w_rx100m2,29500,40000,9500,5500,2026-04-03T21:55:10+09:00,3,SONY ソニー DSC-RX100M2 サイバーショット Cyber-shot,1224999922,keep,,464,False,camera,カメラ,,
w_sel2470gm2,160000,185000,24000,5500,2026-05-10T11:56:27+09:00,1,SONY FE 24-70mm F2.8 GM II SEL2470GM2 Eマウントレンズ(フル装備)(美品),q1229400535,keep,商品説明に欠陥を示唆する記述がない,2809,False,camera,カメラ,,
w_wx990m,16500,25300,7800,5270,2026-03-16T19:20:43+09:00,10,【中古品】(通電確認済み)パナソニック　Panasonic　デジタル4Kビデオカメラ　HC-WX990M【送料別】FD2110,l1222816025,keep,(LLMが撤回: 割れ・クラック|カビ・くもり|欠品) 抜粋はすべて割れリスクや注意書き・免責の記述であり、個体に具体的な欠陥（例: カビがある、割れている）があることを述べていない,5516,False,camera,カメラ,,
w_a204so,10000,18000,7000,5200,2026-06-12T23:09:06+09:00,1,SONY A204SO Xperia アンドロイド スマホ 本体 Softbank 判定○ 残債なし SIMロックなし,c1233066222,keep,(LLMが撤回: ジャンク) 抜粋に実際の欠陥を示す記述がなく、すべてが商品情報や免責・注意書きである,3631,False,camera,カメラ,,
w_fs12060,15000,23400,7400,5060,2026-03-19T22:18:31+09:00,1,送料0円！インボイス登録済み パナソニック(Panasonic) マイクロフォーサーズ用 ルミックス G VARIO 12-60mm/F3.5-5.6 H-FS12060(FM2494),k1217738145,keep,,3210,False,camera,カメラ,,
w_hx90v,16722,25000,7278,4778,2026-06-14T21:13:55+09:00,27,SONY Cyber-shot DSC-HX90V ブラック ソニー サイバーショット コンパクトデジタルカメラ 動作品,v1232558660,keep,良好語あり,2731,False,camera,カメラ,,
w_ilca77m2,23999,33000,8001,4701,2026-05-03T22:56:19+09:00,60,ソニー SONY デジタル一眼レフカメラ ILCA-77M2 α77 II ボディ,h1228335332,keep,(LLMが撤回: ジャンク) 全ての抜粋は免責・注意書きであり、具体的な欠陥（例: カビ、傷、動作不良）の記述がない,2884,False,camera,カメラ,,
w_rx100m4,39501,50000,9499,4499,2026-07-19T23:19:39+09:00,31,ソニー SONY Cyber-shot DSC-RX100M4 IV コンパクトデジタルカメラ ブラック デジタルカメラ サイバーショット,h1236849490,keep,(LLMが撤回: ジャンク|動作未確認|部品取り) 傷や汚れは「場合がございます」の表現のみで、実際の欠陥とは記述されていない|動作未確認は欠陥の記述ではなく状態不明の旨である,3531,False,camera,カメラ,,
w_rx100m7,90000,106000,15000,4400,2026-03-15T22:54:52+09:00,55,SONY ソニー Cyber-shot DSC-RX100M7 RX100 VII サイバーショット コンパクトデジタルカメラ,f1222352334,keep,(LLMが撤回: 動作未確認) 「動作未確認です」は欠陥の有無を示す記述ではなく、動作確認ができていないことを伝える注意書きです。|「外観は目立つ傷は見られません」や「付属品なし」も欠陥の記述ではなく、商品の状態説明です。,2850,False,camera,カメラ,,
w_hs12035,27000,36000,8000,4400,2026-05-10T21:38:13+09:00,1,LUMIX G X 12-35mm F2.8 POWER O.I.S. H-HS12035,s1228144476,keep,良好語あり,2652,False,camera,カメラ,,
w_p900,27900,37000,8100,4400,2026-07-07T21:04:15+09:00,1,【週明けセール】 Nikon ニコン COOLPIX P900 コンパクトデジタルカメラ#1572.20,b1236137974,keep,(LLMが撤回: 動作未確認) 欠陥を示す具体的な記述（例: カビ、傷、故障等）がなく、動作未確認は欠陥の有無を示すものではない,3515,False,camera,カメラ,,
w_sel18200le,27100,36000,7900,4300,2026-03-01T23:59:29+09:00,29,SONY ソニー E 18-200mm F3.5-6.3 OSS LE SEL18200LE 望遠レンズ 元箱付属 #23,d1221164859,keep,(LLMが撤回: カビ・くもり) 両方とも「可能性がございます」等の注意書きで、実際にカビや曇りがあるとは述べていない,3045,False,camera,カメラ,,
w_sog03,11050,18000,5950,4150,2026-03-21T20:23:58+09:00,27,SONY Xperia SOG03 パープル,h1222985688,keep,,260,False,camera,カメラ,,
w_sel24f18z,18571,26200,6629,4009,2026-02-22T22:48:29+09:00,13,Sony ソニー Sonnar T* 24mm F1.8 ZA SEL24F18Z #717,m1220424577,keep,(LLMが撤回: ジャンク|動作未確認) 「状態、動作未確認」は具体的な欠陥の記述ではなく、未確認である旨の情報|「ジャンク扱いですので返品、返金はできませんのでご了承ください」は免責の定型文,2614,False,camera,カメラ,,
w_so54c,11264,18000,5736,3936,2026-03-05T22:47:58+09:00,1,SONY ソニー XPERIA 5 IV SO-54C 64GB ブルー Android スマホ 利用制限 docomo〇 260107SK090611,s1218340218,keep,,837,False,camera,カメラ,,
w_wx800,18500,26000,6500,3900,2026-06-26T23:29:59+09:00,22,「K6」【SONY / ソニー】Cyber-shot DSC-WX800 コンパクトデジタルカメラ,r1234490321,keep,良好語あり,3077,False,camera,カメラ,,
w_b005e,9500,15900,5400,3810,2026-08-05T21:19:12+09:00,1,★実用品★ TAMRON タムロン SP AF 17-50mm F2.8 XR Di II VC Canon キヤノン用 (Model B005E) #32070035,u1239134250,keep,(LLMが撤回: 不動・故障) 全ての抜粋は注意喚起・保証免責・サービス案内であり、実際の欠陥（例: カビがある、故障している等）を述べていない,4563,False,camera,カメラ,,
w_sel2870,11000,17400,5400,3660,2026-07-02T22:24:37+09:00,13,極上美品★ ソニー SONY FE 28-70mm F3.5-5.6 OSS SEL2870,q1235535761,keep,良好語あり,3034,False,camera,カメラ,,
w_vg20,9250,15300,5050,3520,2026-08-31T21:02:53+09:00,19,M1015 SONY / ソニー HANDYCAM E-mount NEX-VG20 デジタルビデオカメラ 取説有 (3),n1241870831,keep,,1027,False,camera,カメラ,,
w_ilca77m2q,39800,49000,8200,3300,2026-04-07T20:25:27+09:00,1,SONY α77 II ズームレンズキット 16-50mm F2.8 SSM [ILCA-77M2Q],w1225688667,keep,良好語あり,3182,False,camera,カメラ,,
w_fsa14140,32001,40000,6999,2999,2026-03-14T22:49:50+09:00,107,☆ Panasonic パナソニック　LUMIX G VARIO 14-140mm / F3.5-5.6 II ASPH. /POWER O.I.S. H-FSA14140 マイクロフォーサーズ用交換レンズ,r1222578205,keep,(LLMが撤回: 引取限定) 抜粋にはカビ・傷・破損等の欠陥に関する記述がない,3812,False,camera,カメラ,,
w_rx100m5,26666,34000,6334,2934,2026-06-15T21:12:34+09:00,28,デジタルカメラ SONY DSC-RX100M5 (d44),p1233460717,keep,,2545,False,camera,カメラ,,
w_sel20tc,33000,41000,7000,2900,2026-03-14T14:34:20+09:00,1,SONY SEL20TC　使用数回のみ,s1222914322,keep,良好語あり,2545,False,camera,カメラ,,
w_ax60,93310,108000,13690,2890,2026-02-14T23:24:19+09:00,14,ソニー ビデオカメラ デジタル4K ビデオカメラレコーダー ハンディカム FDR-AX60 SONY,g1219387118,keep,(LLMが撤回: 難あり) 両抜粋は免責・注意書きのみで、具体的な欠陥の記述がない,711,False,camera,カメラ,,
w_vg20,10249,15300,4051,2521,2026-08-31T21:04:37+09:00,34,M1013 SONY / ソニー HANDYCAM E-mount NEX-VG20 デジタルビデオカメラ (1),n1241877706,keep,,1016,False,camera,カメラ,,
w_p900,30000,37000,6000,2300,2026-06-13T13:48:22+09:00,1,Nikon p900 デジタルカメラ,u1233428934,keep,,342,False,camera,カメラ,,
w_p900,30000,37000,6000,2300,2026-08-09T22:51:17+09:00,72,Nikon ニコン COOLPIX P900 ブラック コンパクトデジタルカメラ #0726,g1239373781,keep,,1482,False,camera,カメラ,,
w_sog03,12940,18000,4060,2260,2026-04-22T22:05:52+09:00,2,SONY Xperia 1 III 256GB 黒 ブラック SOG03 Android スマホ 利用制限 au〇 260314SK260396,1226040517,keep,,843,False,camera,カメラ,,
w_sel2470z,36800,44000,6200,1800,2026-08-11T22:37:29+09:00,2,★展示品！SONY SEL2470Z Vario-Tessar T* FE 24-70mm F4 ZA OSS ★WW88,q1239468840,keep,,558,False,camera,カメラ,,
w_sel18200le,29602,36000,5398,1798,2026-08-18T21:46:40+09:00,1,SONY E 18-200mm f3.5-6.3 OSS LE SEL18200LE ソニー AFレンズ ブラック (f17289),e1229032625,keep,(LLMが撤回: 難あり|欠品) 全て免責・注意書きで実際の欠陥は記載されていない|具体的な故障や欠陥の記述が一つも残っていない,2066,False,camera,カメラ,,
w_p900,30503,37000,5497,1797,2026-05-27T21:08:04+09:00,58,催YA918 Nikon COOLPIX P900 コンパクトデジタルカメラ,j1230937865,keep,,1098,False,camera,カメラ,,
w_sel2470z,36850,44000,6150,1750,2026-06-25T22:38:43+09:00,18,SONY α　FE 24-70mm F4 ZA OSS SEL2470Z Vario-Tessar T＊ ソニー レンズ,v1234022934,keep,,3019,False,camera,カメラ,,
w_sal1650,11050,15100,3050,1540,2026-05-26T20:41:22+09:00,4,SONY DT 16-50mm F2.8 SSM SAL1650 Aマウント,k1230336844,keep,良好語あり,2761,False,camera,カメラ,,
w_sel1635z,40000,47000,6000,1300,2026-05-13T21:40:19+09:00,1,SONY SEL1635Z Vario-Tessar T* FE 16-35mm F4,o1228984807,keep,,2728,False,camera,カメラ,,
w_p900,31503,37000,4497,797,2026-06-30T22:22:31+09:00,24,★☆【完動美品】人気商品 Nikon ニコン COOLPIX P900　付属多数☆★,d1235389005,keep,良好語あり,3764,False,camera,カメラ,,
w_fz85,19900,24000,3100,700,2026-06-29T22:36:48+09:00,36,◇【売り切り】Panasonic/パナソニック コンパクトデジタルカメラ LUMIX ルミックス DC-FZ85,d1234943516,keep,(LLMが撤回: 動作未確認) 「通電未確認、動作未確認」は欠陥の具体的記述ではなく、動作不明の注意書き|「ノークレーム・ノーリターン」は免責の定型文であり欠陥ではない,3669,False,camera,カメラ,,
w_fz85,20000,24000,3000,600,2026-07-20T22:43:10+09:00,1,パナソニック Pnanasonic Lumix DC-FZ85,j1232297931,keep,,2951,False,camera,カメラ,,
w_sel18200,21962,26100,3138,528,2026-07-12T23:40:59+09:00,72,SONY ソニー E 18-200mm F3.5-6.3 OSS SEL18200 望遠レンズ #6,v1236622388,keep,(LLMが撤回: カビ・くもり) 全ての抜粋は「場合がございます」や「ありません」などの注意書き・免責であり、実際の欠陥を述べていない,3013,False,camera,カメラ,,
w_vx990m,23900,28200,3300,480,2026-06-21T21:58:26+09:00,57,00002【0617 B-3854】Panasonic 4K HC-VX990M パナソニック 2018年製 デジタルビデオカメラ ビデオカメラ ムービー 通電確認済み,l1233864549,keep,,3427,False,camera,カメラ,,
w_sel18200le,31000,36000,4000,400,2026-07-29T19:58:44+09:00,3,【ほぼ未使用/超美品】　Sony ソニー　E 18-200mm F3.5-6.3 OSS LE (SEL18200LE),w1238500704,keep,(LLMが撤回: カビ・くもり) カビやくもりがないと明記している|欠陥を示す記述が一切ない,3383,False,camera,カメラ,,
w_sel1635z,41011,47000,4989,289,2026-07-25T21:54:50+09:00,3,＃80805【中古品】ソニー SONY Vario-Tessar T FE 16-35mm F4 ZA OSS SEL1635Z Eマウント 撮影確認済み ,1238030212,keep,(LLMが撤回: ジャンク) 具体的な欠陥（傷・カビ・破損等）の記述がない|「ジャンク品」は欠陥の一般的表現であり、実際の欠陥を示す文言ではない,4727,False,camera,カメラ,,
w_rx10m3,69900,79000,8100,200,2026-02-21T20:36:47+09:00,1,【月末前ピックアップ】 SONY ソニー RX10 III DSC-RX10M3 コンパクトデジタルカメラ#1451.59,u1220371121,keep,(LLMが撤回: 動作未確認) 「動作未確認です」は欠陥の明示ではなく、動作確認ができていない旨の記載,3446,False,camera,カメラ,,
w_sel2470z,38500,44000,4500,100,2026-03-26T23:28:21+09:00,1,元箱付！SONY ソニー SEL2470Z Vario-Tessar T* FE 24-70mm F4 ZA OSS ソニーEマウントズームレンズ,v1223432998,keep,(LLMが撤回: ジャンク|動作未確認|不動・故障|カビ・くもり|改造・非純正) 全ての抜粋は免責・注意書きであり、具体的な欠陥を述べていない|「カビ、曇りも見られない」など欠陥がないことを明示しているだけ,7798,False,camera,カメラ,,
w_p900,32300,37000,3700,0,2026-06-20T22:42:58+09:00,1,◆動作品◆Nikon ニコン　COOLPIX P900 コンパクトデジタルカメラ,e1224538311,keep,,813,False,camera,カメラ,,
w_rx100m4,44000,50000,5000,0,2026-02-23T21:51:01+09:00,17,カメラ◆SONY ソニー コンパクトデジタルカメラ Cyber-shot DSC-RX100M4 簡易動作確認済 中古品 ●AS0717■,w1220170567,keep,(LLMが撤回: ジャンク) 欠陥を直接述べている文がなく、初期不良や欠陥があった場合の対応を示す条件文のみ|ジャンク表記や返品不可などの免責・注意書きが中心で、実際の欠陥の有無は記載されていない,4180,False,camera,カメラ,,
w_a99v,59800,67000,6200,-500,2026-02-13T17:02:39+09:00,1,良品★SONY ソニー α99 ボディ SLT-A99V 2470万画素 フルサイズ デジタル一眼レフカメラ★元箱付き R5107,n1213439631,keep,(LLMが撤回: カビ・くもり) 抜粋は「超微細なカビ」や「くもり」などの可能性を列挙しているだけで、実際にこの個体が欠陥を持つと断言していない|全体が保証対象外や返品不可の注意書きであり、欠陥の有無を示す記述はない,3709,False,camera,カメラ,,
w_sel18200le,32000,36000,3000,-600,2026-02-15T22:48:54+09:00,6,SONY ソニー E 18-200mm F3.5-6.3 OSS LE SEL18200LE,o1219237877,keep,良好語あり,2770,False,camera,カメラ,,
w_sel85f18,38309,43000,3691,-609,2026-05-02T22:34:36+09:00,18,ソニー FE 85mm F1.8 SEL85F18,o1219880453,keep,,2742,False,camera,カメラ,,
w_a99v,59950,67000,6050,-650,2026-08-07T23:20:50+09:00,11,【b02】 ソニー SONY デジタル一眼レフカメラ SLT-A99V α99 2012年発売,x1239144661,keep,良好語あり,1648,False,camera,カメラ,,
w_p900,33000,37000,3000,-700,2026-06-20T21:47:05+09:00,16,920 通電◯ Nikon ニコン COOLPIX P900 コンパクトデジタルカメラ デジタルカメラ クールピクス ブラック,w1233648278,keep,,913,False,camera,カメラ,,
w_sel2470z,39800,44000,3200,-1200,2026-08-26T12:31:20+09:00,1,良品 Sony Vario-Tessar T* FE 24-70mm F4 ZA OSS SEL2470Z さ０２６,t1226075760,keep,,934,False,camera,カメラ,,
w_xf23mmf1,60500,67000,5500,-1200,2026-05-22T09:10:22+09:00,1,[良品] FUJIFILM XF23mmF1.4 R | FUJIFILM Xマウント,u1224980244,keep,,379,False,camera,カメラ,,
w_sel90m28g,56000,62000,5000,-1200,2026-05-30T23:00:44+09:00,49,■ほぼ新品■ SONY FE 90mm F2.8 Macro G OSS [SEL90M28G],v1227002563,keep,レンズ内にクモリやカビ等がない,3398,False,camera,カメラ,,
w_sel2470z,40000,44000,3000,-1400,2026-04-13T21:07:24+09:00,1,ソニー SONY Vario-Tessar T* FE 24-70mm F4 ZA OSS SEL2470Z 一眼カメラ用レンズ（オートフォーカス） 中古,n1226160693,keep,良好語あり,405,False,camera,カメラ,,
w_sel2470z,40000,44000,3000,-1400,2026-04-22T20:06:38+09:00,1,★美品★ソニー SONY Vario-Tessar T FE 24-70mm F4 ZA OSS SEL2470Z ♯1388,j1209629691,keep,(LLMが撤回: 不動・故障) 全てが免責・注意書きで、個体の欠陥を直接述べていない|カビや故障の有無を示す具体的な記述がなく、保証対象外の列挙にとどまっている,4214,False,camera,カメラ,,
w_vg30h,57133,63000,4867,-1433,2026-07-18T23:33:13+09:00,5,ソニー ハンディカム Handycam NEX-VG30H デジタルビデオカメラ E 3.5-6.3-PZ 18-200 OSS ,b1236909539,keep,(LLMが撤回: ジャンク) 抜粋に具体的な欠陥（例: カビ、傷、故障等）を示す記述がない|記載は検索方法や梱包方法などの説明であり、欠陥に関する情報ではない,2737,False,camera,カメラ,,
w_sel1635z,42800,47000,3200,-1500,2026-08-27T22:30:01+09:00,1,【週末限定セール！】 ★良品★ ソニー SONY Vario-Tessar T* FE 16-35mm F4 ZA OSS SEL1635Z ★完動品★ #A511140,n1220973035,keep,(LLMが撤回: カビ・くもり) 実際の欠陥を示す記述がない,2586,False,camera,カメラ,,
w_ax60,98000,108000,9000,-1800,2026-04-24T16:38:16+09:00,1,★極上美品★ソニー SONY FDR-AX60 ★完動★#E573,l1227491370,keep,(LLMが撤回: カビ・くもり) 欠陥を直接述べていない|免責・注意書きのみで実際の欠陥の記述なし,1974,False,camera,カメラ,,
w_rx100m7,96501,106000,8499,-2101,2026-06-29T23:47:48+09:00,17,「K82」【SONY / ソニー】Cyber-shot DSC-RX100M7 コンパクトデジタルカメラ,w1234863250,keep,,3034,False,camera,カメラ,,
w_ax60,98538,108000,8462,-2338,2026-09-07T22:39:30+09:00,1,SONY FDR-AX60 HANDYCAM ZEISS 4K ビデオ カメラ 2020年製 ソニー ハンディーカム ソニー 撮影 中古 F11568818,u1241780490,keep,,2541,False,camera,カメラ,,
w_sel70300g,71000,76000,4000,-3600,2026-04-05T22:56:42+09:00,12,＜SONY α Eマウントレンズ＞FE 70-300mm F4.5-5.6 G OSS SEL70300G　新品フード付き＜ソニー望遠ズームレンズ＞,q1224631348,keep,良好語あり,3672,False,camera,カメラ,,
w_ax60,100000,108000,7000,-3800,2026-05-31T11:05:33+09:00,4,SONY FDR-AX60 デジタル4Kビデオカメラレコーダー 元箱付き・2026年メーカー点検済◎,b1231061409,keep,,327,False,camera,カメラ,,
w_ax60,100001,108000,6999,-3801,2026-03-04T21:34:45+09:00,85,【1393】SONY FDR-AX60 Handycam デジタルビデオカメラ　通電確認済み,b1221256081,keep,,978,False,camera,カメラ,,
w_sal70400g2,85000,91000,5000,-4100,2026-08-28T18:16:59+09:00,1,SONY 70-400mm F4-5.6 G SSM II SAL70400G2 望遠ズームレンズ,t1242043156,keep,良好語あり,332,False,camera,カメラ,,
w_ax60,101718,108000,5282,-5518,2026-08-06T22:24:31+09:00,3,SONY FDR-AX60 Handycam デジタルビデオカメラ ハンディカム 中古 良好 K11414606,1236778244,keep,,2898,False,camera,カメラ,,
w_ax60,102300,108000,4700,-6100,2026-09-06T19:44:29+09:00,41,713　ソニー 4K デジタルビデオカメラ FDR-AX60 中古,v1242842905,keep,良好語あり,1505,False,camera,カメラ,,
w_nx80,168500,179000,9500,-8400,2026-03-22T22:26:35+09:00,60, 通電72×10時間！■極上品■ SONY HXR-NX80,u1223029045,keep,,1007,False,camera,カメラ,,
w_ax700,175340,184000,7660,-10740,2026-08-09T23:01:17+09:00,2,SONY FDR-AX700 Handycam ソニー ハンディカム デジタル 4K ビデオカメラ 映像制作 中古 N11473965,k1238567209,keep,,2796,False,camera,カメラ,,
martin_00028,177000,210000,55500,30500,2026-08-19T21:50:50+09:00,44,Martin 000-28,n1241061546,keep,,211,False,gakki,楽器,235000.0,2500.0
martin_00028,201410,210000,31090,6090,2026-05-03T19:24:52+09:00,70,3334　Martin マーティン アコースティックギター 000-28 中古,m1228095296,keep,良好語あり,4329,False,gakki,楽器,235000.0,2500.0
jc120g,26950,30000,6050,-950,2026-05-06T23:48:27+09:00,33,ROLAND ローランド JAZZ CHORUS 120 JC120U ジャズコーラス ギターアンプ 通電動作確認済 出音確認済み,h1228226132,keep,良好語あり,3376,False,gakki,楽器,37000.0,4000.0
mura_gx,80000,80000,17500,-1500,2026-02-03T21:58:42+09:00,3,ムラマツフルートGX(M-180) コンディション良好！,h1212790373,keep,モドレタとする働りがなし,2552,False,gakki,楽器,99000.0,1500.0
jc120g,29800,30000,3200,-3800,2026-04-17T03:52:23+09:00,1,★中古即決！Roland JC-120B Jazz Chorus ギター用 コンボアンプ 2ch 120W ジャズコーラス★,s1226403747,keep,良好語あり,2729,False,gakki,楽器,37000.0,4000.0
martin_d28,167000,160000,10500,-9500,2026-02-28T23:39:47+09:00,23,★Martin★D28　＃８２５７４３,u1220765305,keep,,3142,False,gakki,楽器,180000.0,2500.0
ac30hw,61000,55000,3000,-10000,2026-05-06T03:22:40+09:00,1,VOX AC30C2X ギターアンプ　真空管 celestion G12M,r1227697349,keep,,139,False,gakki,楽器,68000.0,4000.0
martin_00028,227087,210000,5413,-19587,2026-06-12T21:35:22+09:00,74,Martin 000-28,w1233043970,keep,(LLMが撤回: 割れ・クラック) 割れやクラックは無いと明記されている|欠陥に関する記述がない,2521,False,gakki,楽器,235000.0,2500.0
