品,レーン,種別,仕入面,仕入値,売面,売値,売れる間隔,売値$,p25$,相場n,相場p25,引かれ,純利,年台数,年間粗利,買い線,買線内,汚染率,出口n,入口n,出口生,出口本体,帯,構成,構成差,型番弱,出口状態,玉,url,いま買える,いま最安,買いに行く,マスク救済,検品,最終確認,棚年数,年利/台,売りに行く,根拠,フリマなら,走査,状態,出口基準,等級,期待粗利180d,実測滞留,入口中央
HIOKI IM3536,ヤフオク → eBay US,輸出(相場),ヤフオク(落札p25),268000.0,eBay US(実売中央),548355.0,121.66666666666667,3353.853211009174,2680.7155963302753,4.0,438297.0,100437.0,179918.0,3.0,539754.0,417918.0,20.0,0.0,4.0,20.0,8.0,8.0,1:薄い,--/単体/中古,,,実測,,,0.0,,https://auctions.yahoo.co.jp/search/search?p=HIOKI+IM3536&s1=end&o1=a,,,,19.9,9041.105527638192,https://www.ebay.com/sch/i.html?_nkw=HIOKI+IM3536&LH_Sold=1&LH_Complete=1,purity.csv(トリム+構成分割済み。Terapeak 3年実売 × aucfree 12ヶ月),,,,,,,,
HIOKI PW3360,ヤフオク → eBay US,輸出(相場),ヤフオク(落札p25),92800.0,eBay US(実売中央),240861.0,98.64864864864865,1473.1559633027523,1451.651376146789,4.0,237345.0,48838.0,99223.0,3.7,367125.0,162023.0,7.0,0.0,4.0,7.0,17.0,11.0,1:薄い,10/セット/中古,要注意,,実測,,,0.0,,https://auctions.yahoo.co.jp/search/search?p=HIOKI+PW3360&s1=end&o1=a,,,,20.7,4793.381642512078,https://www.ebay.com/sch/i.html?_nkw=HIOKI+PW3360&LH_Sold=1&LH_Complete=1,purity.csv(トリム+構成分割済み。Terapeak 3年実売 × aucfree 12ヶ月),,,,,,,,
HIOKI PW3335,ヤフオク → eBay US,輸出(相場),ヤフオク(落札p25),47000.0,eBay US(実売中央),172570.0,280.7692307692308,1055.4740061162079,677.4373088685015,3.0,110761.0,40312.0,85258.0,1.3,110835.0,102258.0,8.0,0.0,3.0,8.0,4.0,4.0,1:薄い,--/単体/中古,要注意,,実測,,,0.0,,https://auctions.yahoo.co.jp/search/search?p=HIOKI+PW3335&s1=end&o1=a,,,,46.5,1833.505376344086,https://www.ebay.com/sch/i.html?_nkw=HIOKI+PW3335&LH_Sold=1&LH_Complete=1,purity.csv(トリム+構成分割済み。Terapeak 3年実売 × aucfree 12ヶ月),,,,,,,,
YOKOGAWA WT3000,ヤフオク → eBay US,輸出(相場),ヤフオク(落札p25),188000.0,eBay US(実売中央),941310.0,110.60606060606061,5757.247706422018,4451.730886850153,9.0,727858.0,175609.0,577701.0,3.3,1733103.0,735701.0,3.0,0.071,9.0,3.0,11.0,10.0,1:薄い,--/単体/中古,,,実測,,,0.0,,https://auctions.yahoo.co.jp/search/search?p=%E6%A8%AA%E6%B2%B3+WT3000&s1=end&o1=a,,,,6.9,83724.78260869565,https://www.ebay.com/sch/i.html?_nkw=Yokogawa+WT3000&LH_Sold=1&LH_Complete=1,purity.csv(トリム+構成分割済み。Terapeak 3年実売 × aucfree 12ヶ月),,,,,,,,
KIKUSUI PWR400L,ヤフオク → eBay US,輸出(相場),ヤフオク(落札p25),15500.0,eBay US(実売中央),87026.0,110.60606060606061,532.269113149847,370.17125382263,7.0,60523.0,29024.0,42502.0,3.3,140257.0,28002.0,8.0,0.036,7.0,15.0,10.0,7.0,1:薄い,--/単体/中古,要注意,,実測,,,0.0,,https://auctions.yahoo.co.jp/search/search?p=%E8%8F%8A%E6%B0%B4+PWR400L&s1=end&o1=a,,,,,,https://www.ebay.com/sch/i.html?_nkw=Kikusui+PWR400L&LH_Sold=1&LH_Complete=1,purity.csv(トリム+構成分割済み。Terapeak 3年実売 × aucfree 12ヶ月),,,,,,,,
KIKUSUI PLZ1004W,ヤフオク → eBay US,輸出(相場),ヤフオク(落札p25),150000.0,eBay US(実売中央),336239.0,214.7058823529412,2056.5076452599387,1838.7584097859328,4.0,300637.0,78798.0,107441.0,1.7,182650.0,227441.0,6.0,0.0,4.0,8.0,9.0,4.0,1:薄い,W/単体/中古,,,実測,,,0.0,,https://auctions.yahoo.co.jp/search/search?p=%E8%8F%8A%E6%B0%B4+PLZ1004W&s1=end&o1=a,,,,9.6,11191.770833333334,https://www.ebay.com/sch/i.html?_nkw=Kikusui+PLZ1004W&LH_Sold=1&LH_Complete=1,purity.csv(トリム+構成分割済み。Terapeak 3年実売 × aucfree 12ヶ月),,,,,,,,
KEYSIGHT 34401A,ヤフオク → eBay US,輸出(相場),ヤフオク(落札p25),14500.0,eBay US(実売中央),55300.0,2.143276570757487,338.2262996941896,241.94495412844037,148.0,39558.0,21548.0,19252.0,170.3,0.0,3752.0,0.0,0.055,148.0,108.0,408.0,308.0,3:厚い,6/単体/中古,,,実測,,,0.0,,https://auctions.yahoo.co.jp/search/search?p=34401A&s1=end&o1=a,,,,2.6,7404.615384615385,https://www.ebay.com/sch/i.html?_nkw=Keysight+34401A&LH_Sold=1&LH_Complete=1,purity.csv(トリム+構成分割済み。Terapeak 3年実売 × aucfree 12ヶ月),,,,,,,,
RION VM-83,ヤフオク → eBay US,輸出(相場),ヤフオク(落札p25),20200.0,eBay US(実売中央),210288.0,158.69565217391306,1286.165137614679,503.2415902140673,7.0,82280.0,43946.0,146142.0,2.3,336127.0,136342.0,13.0,0.0,7.0,13.0,7.0,7.0,1:薄い,--/単体/中古,要注意,,実測,,,0.0,,https://auctions.yahoo.co.jp/search/search?p=%E3%83%AA%E3%82%AA%E3%83%B3+VM-83&s1=end&o1=a,,,,12.4,11785.645161290322,https://www.ebay.com/sch/i.html?_nkw=Rion+VM-83&LH_Sold=1&LH_Complete=1,purity.csv(トリム+構成分割済み。Terapeak 3年実売 × aucfree 12ヶ月),,,,,,,,
NIKON ECLIPSE E600,ヤフオク → eBay US,輸出(相場),ヤフオク(落札p25),73000.0,eBay US(実売中央),79251.0,20.27777777777778,484.7155963302752,266.1284403669725,48.0,43512.0,47680.0,-41429.0,18.0,0.0,1571.0,0.0,0.065,48.0,7.0,146.0,54.0,2:中,--/単体/中古,要注意,,実測,,,0.0,,https://auctions.yahoo.co.jp/search/search?p=%E3%83%8B%E3%82%B3%E3%83%B3+Eclipse+E600&s1=end&o1=a,,,,2.2,-18831.363636363636,https://www.ebay.com/sch/i.html?_nkw=Nikon+Eclipse+E600&LH_Sold=1&LH_Complete=1,purity.csv(トリム+構成分割済み。Terapeak 3年実売 × aucfree 12ヶ月),,,,,,,,
OLYMPUS BX51,ヤフオク → eBay US,輸出(相場),ヤフオク(落札p25),183000.0,eBay US(実売中央),462518.0,14.202334630350196,2828.8562691131497,1935.5351681957186,34.0,316460.0,109002.0,170516.0,25.7,1875676.0,323516.0,11.0,0.167,34.0,11.0,141.0,76.0,2:中,--/単体/中古,要注意,,実測,,,0.0,,https://auctions.yahoo.co.jp/search/search?p=%E3%82%AA%E3%83%AA%E3%83%B3%E3%83%91%E3%82%B9+BX51&s1=end&o1=a,,,,5.0,34103.2,https://www.ebay.com/sch/i.html?_nkw=Olympus+BX51&LH_Sold=1&LH_Complete=1,purity.csv(トリム+構成分割済み。Terapeak 3年実売 × aucfree 12ヶ月),,,,,,,,
ICOM IC-9700,ヤフオク → eBay US,輸出(相場),ヤフオク(落札p25),130500.0,eBay US(実売中央),221521.0,2.3594053005817712,1354.868501529052,1258.097859327217,84.0,205699.0,55443.0,35578.0,154.7,284624.0,136078.0,8.0,0.229,84.0,26.0,553.0,137.0,3:厚い,--/単体/中古,,,実測,,,0.0,,https://auctions.yahoo.co.jp/search/search?p=%E3%82%A2%E3%82%A4%E3%82%B3%E3%83%A0+IC-9700&s1=end&o1=a,,,,0.3,118593.33333333334,https://www.ebay.com/sch/i.html?_nkw=Icom+IC-9700&LH_Sold=1&LH_Complete=1,purity.csv(トリム+構成分割済み。Terapeak 3年実売 × aucfree 12ヶ月),,,,,,,,
ICOM IC-7610,ヤフオク → eBay US,輸出(相場),ヤフオク(落札p25),201214.0,eBay US(実売中央),370517.0,7.883369330453564,2266.159021406728,1959.730886850153,70.0,320416.0,84283.0,85020.0,46.3,1445340.0,256234.0,17.0,0.087,70.0,17.0,524.0,83.0,2:中,--/単体/中古,,,実測,,,0.0,,https://auctions.yahoo.co.jp/search/search?p=%E3%82%A2%E3%82%A4%E3%82%B3%E3%83%A0+IC-7610&s1=end&o1=a,,,,0.2,340080.0,https://www.ebay.com/sch/i.html?_nkw=Icom+IC-7610&LH_Sold=1&LH_Complete=1,purity.csv(トリム+構成分割済み。Terapeak 3年実売 × aucfree 12ヶ月),,,,,,,,
TASCAM HS-P82,ヤフオク → eBay US,輸出(相場),ヤフオク(落札p25),97470.0,eBay US(実売中央),116520.0,110.60606060606061,712.6605504587156,677.4373088685015,4.0,110761.0,33743.0,-14693.0,3.3,-14693.0,52777.0,1.0,0.0,4.0,4.0,13.0,10.0,1:薄い,--/単体/中古,,,実測,,,0.0,,https://auctions.yahoo.co.jp/search/search?p=TASCAM+HS-P82&s1=end&o1=a,,,,1.8,-8162.777777777777,https://www.ebay.com/sch/i.html?_nkw=Tascam+HS-P82&LH_Sold=1&LH_Complete=1,purity.csv(トリム+構成分割済み。Terapeak 3年実売 × aucfree 12ヶ月),,,,,,,,
ZOOM F8n,ヤフオク → eBay US,輸出(相場),ヤフオク(落札p25),67000.0,eBay US(実売中央),113963.0,3.7628865979381443,697.0214067278288,580.6605504587156,178.0,94938.0,28534.0,18429.0,97.0,0.0,55429.0,0.0,0.023,178.0,9.0,342.0,207.0,3:厚い,--/単体/中古,,,実測,,,0.0,,https://auctions.yahoo.co.jp/search/search?p=ZOOM+F8n+%E3%83%95%E3%82%A3%E3%83%BC%E3%83%AB%E3%83%89%E3%83%AC%E3%82%B3%E3%83%BC%E3%83%80%E3%83%BC&s1=end&o1=a,,,,0.5,36858.0,https://www.ebay.com/sch/i.html?_nkw=Zoom+F8n&LH_Sold=1&LH_Complete=1,purity.csv(トリム+構成分割済み。Terapeak 3年実売 × aucfree 12ヶ月),,,,,,,,
MARANTZ SA-10,ヤフオク → eBay US,輸出(相場),ヤフオク(落札p25),287000.0,eBay US(実売中央),526609.0,33.18181818181818,3220.8501529051987,2951.6880733944954,19.0,482601.0,119257.0,120352.0,11.0,1323872.0,377352.0,13.0,0.042,19.0,17.0,41.0,22.0,2:中,--/単体/中古,,,実測,,,0.0,,https://auctions.yahoo.co.jp/search/search?p=%E3%83%9E%E3%83%A9%E3%83%B3%E3%83%84+SA-10&s1=end&o1=a,,,,0.7,171931.42857142858,https://www.ebay.com/sch/i.html?_nkw=Marantz+SA-10&LH_Sold=1&LH_Complete=1,purity.csv(トリム+構成分割済み。Terapeak 3年実売 × aucfree 12ヶ月),,,,,,,,
ACCUPHASE E-650,ヤフオク → eBay US,輸出(相場),ヤフオク(落札p25),634546.0,eBay US(実売中央),1018110.0,214.7058823529412,6226.972477064221,5897.480122324159,3.0,964238.0,222898.0,160666.0,1.7,273132.0,765212.0,17.0,0.125,3.0,17.0,6.0,4.0,1:薄い,--/単体/中古,,,実測,,,0.0,,https://auctions.yahoo.co.jp/search/search?p=%E3%82%A2%E3%82%AD%E3%83%A5%E3%83%95%E3%82%A7%E3%83%BC%E3%82%BA+E-650&s1=end&o1=a,,,,4.5,35703.555555555555,https://www.ebay.com/sch/i.html?_nkw=Accuphase+E-650&LH_Sold=1&LH_Complete=1,purity.csv(トリム+構成分割済み。Terapeak 3年実売 × aucfree 12ヶ月),,,,,,,,
PIONEER CDJ-2000NXS2,ヤフオク → eBay US,輸出(相場),ヤフオク(落札p25),161000.0,eBay US(実売中央),253047.0,3.1739130434782608,1547.6880733944954,1258.0856269113149,227.0,205697.0,60487.0,31560.0,115.0,252480.0,162560.0,8.0,0.144,227.0,26.0,419.0,284.0,3:厚い,NXS2/単体/中古,要注意,,実測,,,0.0,,https://auctions.yahoo.co.jp/search/search?p=CDJ-2000NXS2&s1=end&o1=a,,,,1.3,24276.923076923074,https://www.ebay.com/sch/i.html?_nkw=Pioneer+CDJ-2000NXS2&LH_Sold=1&LH_Complete=1,purity.csv(トリム+構成分割済み。Terapeak 3年実売 × aucfree 12ヶ月),,,,,,,,
ROLAND JUPITER-X,ヤフオク → eBay US,輸出(相場),ヤフオク(落札p25),185660.0,eBay US(実売中央),291970.0,26.071428571428573,1785.7492354740061,1645.2048929663608,22.0,268991.0,71715.0,34595.0,14.0,103785.0,190255.0,3.0,0.022,22.0,9.0,60.0,36.0,2:中,--/単体/中古,,数字無し,実測,,,0.0,,https://auctions.yahoo.co.jp/search/search?p=%E3%83%AD%E3%83%BC%E3%83%A9%E3%83%B3%E3%83%89+JUPITER-X&s1=end&o1=a,,,,1.8,19219.444444444445,https://www.ebay.com/sch/i.html?_nkw=Roland+Jupiter-X&LH_Sold=1&LH_Complete=1,purity.csv(トリム+構成分割済み。Terapeak 3年実売 × aucfree 12ヶ月),,,,,,,,
SONY PVM-A250,ヤフオク → eBay US,輸出(相場),ヤフオク(落札p25),270000.0,eBay US(実売中央),433427.0,10.830860534124628,2650.929663608563,2177.480122324159,24.0,356018.0,94348.0,69079.0,33.7,414474.0,309079.0,6.0,0.029,24.0,10.0,95.0,91.0,2:中,--/単体/中古,要注意,,実測,,,0.0,,https://auctions.yahoo.co.jp/search/search?p=SONY+PVM-A250&s1=end&o1=a,,,,0.5,138158.0,https://www.ebay.com/sch/i.html?_nkw=Sony+PVM-A250&LH_Sold=1&LH_Complete=1,purity.csv(トリム+構成分割済み。Terapeak 3年実売 × aucfree 12ヶ月),,,,,,,,
FUJINON MK18-55,ヤフオク → eBay US,輸出(相場),ヤフオク(落札p25),96000.0,eBay US(実売中央),239068.0,98.64864864864865,1462.1896024464831,1112.9296636085626,4.0,181964.0,53351.0,89717.0,3.7,331953.0,155717.0,8.0,0.0,4.0,9.0,13.0,11.0,1:薄い,MM/単体/中古,要注意,,実測,,,0.0,,https://auctions.yahoo.co.jp/search/search?p=FUJINON+MK18-55&s1=end&o1=a,,,,7.3,12290.0,https://www.ebay.com/sch/i.html?_nkw=Fujinon+MK18-55&LH_Sold=1&LH_Complete=1,purity.csv(トリム+構成分割済み。Terapeak 3年実売 × aucfree 12ヶ月),,,,,,,,
SONY HXR-NX800,ヤフオク → eBay US,輸出(相場),ヤフオク(落札p25),350000.0,eBay US(実売中央),458867.0,34.11214953271028,2806.525993883792,2564.587155963303,15.0,419310.0,90919.0,17948.0,10.7,17948.0,337948.0,1.0,0.049,15.0,6.0,37.0,32.0,2:中,--/単体/中古,,,実測,,,0.0,,https://auctions.yahoo.co.jp/search/search?p=HXR-NX800&s1=end&o1=a,,,,1.1,16316.363636363634,https://www.ebay.com/sch/i.html?_nkw=Sony+HXR-NX800&LH_Sold=1&LH_Complete=1,purity.csv(トリム+構成分割済み。Terapeak 3年実売 × aucfree 12ヶ月),,,,,,,,
SONY PXW-Z280,ヤフオク → eBay US,輸出(相場),ヤフオク(落札p25),359000.0,eBay US(実売中央),525720.0,14.6,3215.412844036697,2805.559633027523,24.0,458709.0,101615.0,65105.0,25.0,260420.0,394105.0,4.0,0.067,24.0,11.0,116.0,57.0,2:中,--/単体/中古,,,実測,,,0.0,,https://auctions.yahoo.co.jp/search/search?p=PXW-Z280&s1=end&o1=a,,,,0.5,130210.0,https://www.ebay.com/sch/i.html?_nkw=Sony+PXW-Z280&LH_Sold=1&LH_Complete=1,purity.csv(トリム+構成分割済み。Terapeak 3年実売 × aucfree 12ヶ月),,,,,,,,
SONY PXW-Z190,ヤフオク → eBay US,輸出(相場),ヤフオク(落札p25),219001.0,eBay US(実売中央),411355.0,14.6,2515.9327217125383,2215.217125382263,6.0,362188.0,80917.0,111437.0,25.0,1114370.0,300438.0,10.0,0.031,6.0,12.0,109.0,62.0,2:中,--/単体/中古,,,実測,,,0.0,,https://auctions.yahoo.co.jp/search/search?p=PXW-Z190&s1=end&o1=a,,,,1.0,111437.0,https://www.ebay.com/sch/i.html?_nkw=Sony+PXW-Z190&LH_Sold=1&LH_Complete=1,purity.csv(トリム+構成分割済み。Terapeak 3年実売 × aucfree 12ヶ月),,,,,,,,
SONY PMW-200,ヤフオク → eBay US,輸出(相場),ヤフオク(落札p25),67900.0,eBay US(実売中央),101442.0,6.636363636363637,620.440366972477,479.0336391437309,138.0,78322.0,31331.0,2211.0,55.0,0.0,40111.0,0.0,0.028,138.0,19.0,333.0,158.0,3:厚い,--/単体/中古,要注意,,実測,,,0.0,,https://auctions.yahoo.co.jp/search/search?p=PMW-200&s1=end&o1=a,,,,0.8,2763.75,https://www.ebay.com/sch/i.html?_nkw=Sony+PMW-200&LH_Sold=1&LH_Complete=1,purity.csv(トリム+構成分割済み。Terapeak 3年実売 × aucfree 12ヶ月),,,,,,,,
PANA HC-X2000,ヤフオク → eBay US,輸出(相場),ヤフオク(落札p25),154000.0,eBay US(実売中央),197936.0,6.517857142857143,1210.6177370030582,1064.5443425076453,128.0,174053.0,46770.0,-2834.0,56.0,-2834.0,121166.0,1.0,0.0,128.0,19.0,260.0,142.0,3:厚い,--/単体/中古,,,実測,,,0.0,,https://auctions.yahoo.co.jp/search/search?p=HC-X2000&s1=end&o1=a,,,,0.4,-7085.0,https://www.ebay.com/sch/i.html?_nkw=Panasonic+HC-X2000&LH_Sold=1&LH_Complete=1,purity.csv(トリム+構成分割済み。Terapeak 3年実売 × aucfree 12ヶ月),,,,,,,,
PANA AG-UX180,ヤフオク → eBay US,輸出(相場),ヤフオク(落札p25),99800.0,eBay US(実売中央),209805.0,6.886792452830188,1283.211009174312,987.1253822629969,126.0,161395.0,48669.0,61336.0,53.0,674696.0,131136.0,11.0,0.042,126.0,15.0,263.0,150.0,3:厚い,--/単体/中古,,,実測,,,0.0,,https://auctions.yahoo.co.jp/search/search?p=AG-UX180&s1=end&o1=a,,,,0.4,153340.0,https://www.ebay.com/sch/i.html?_nkw=Panasonic+AG-UX180&LH_Sold=1&LH_Complete=1,purity.csv(トリム+構成分割済み。Terapeak 3年実売 × aucfree 12ヶ月),,,,,,,,
TAKAHASHI EM-200,ヤフオク → eBay US,輸出(相場),ヤフオク(落札p25),135000.0,eBay US(実売中央),185920.0,280.7692307692308,1137.125382262997,745.1804281345566,3.0,121837.0,64747.0,-13827.0,1.3,-17975.0,91173.0,2.0,0.219,3.0,13.0,14.0,4.0,1:薄い,--/単体/中古,要注意,,実測,,,0.0,,https://auctions.yahoo.co.jp/search/search?p=%E3%82%BF%E3%82%AB%E3%83%8F%E3%82%B7+EM-200&s1=end&o1=a,,,,,,https://www.ebay.com/sch/i.html?_nkw=Takahashi+EM-200&LH_Sold=1&LH_Complete=1,purity.csv(トリム+構成分割済み。Terapeak 3年実売 × aucfree 12ヶ月),,,,,,,,
RAISE3D PRO2,ヤフオク → eBay US,輸出(相場),ヤフオク(落札p25),100000.0,eBay US(実売中央),147384.0,19.518716577540108,901.4311926605504,604.8562691131499,25.0,98894.0,83581.0,-36197.0,18.7,-36197.0,33803.0,1.0,0.327,25.0,9.0,55.0,43.0,2:中,--/単体/中古,要注意,,実測,,,0.0,,https://auctions.yahoo.co.jp/search/search?p=Raise3D+Pro2&s1=end&o1=a,,,,1.0,-36197.0,https://www.ebay.com/sch/i.html?_nkw=Raise3D+Pro2&LH_Sold=1&LH_Complete=1,purity.csv(トリム+構成分割済み。Terapeak 3年実売 × aucfree 12ヶ月),,,,,,,,
HIOKI BT3554,ヤフオク → eBay US,輸出(相場),ヤフオク(落札p25),110000.0,eBay US(実売中央),252913.0,17.38095238095238,1546.868501529052,962.9296636085627,9.0,157439.0,50766.0,92147.0,21.0,552882.0,172147.0,6.0,0.03,9.0,6.0,64.0,47.0,2:中,--/単体/中古,,,実測,,,0.0,,https://auctions.yahoo.co.jp/search/search?p=%E6%97%A5%E7%BD%AE+BT3554&s1=end&o1=a,,,,15.0,6143.133333333333,https://www.ebay.com/sch/i.html?_nkw=Hioki+BT3554&LH_Sold=1&LH_Complete=1,purity.csv(トリム+構成分割済み。Terapeak 3年実売 × aucfree 12ヶ月),,,,,,,,
HIOKI ST5520,ヤフオク → eBay US,輸出(相場),ヤフオク(落札p25),10500.0,eBay US(実売中央),37184.0,121.66666666666667,227.4250764525994,223.55351681957185,5.0,36551.0,16249.0,10435.0,3.0,0.0,-9065.0,0.0,0.0,5.0,6.0,6.0,5.0,1:薄い,--/単体/中古,要注意,,実測,,,0.0,,https://auctions.yahoo.co.jp/search/search?p=%E6%97%A5%E7%BD%AE+ST5520&s1=end&o1=a,,,,61.0,171.0655737704918,https://www.ebay.com/sch/i.html?_nkw=Hioki+ST5520&LH_Sold=1&LH_Complete=1,purity.csv(トリム+構成分割済み。Terapeak 3年実売 × aucfree 12ヶ月),,,,,,,,
HIOKI 3197,ヤフオク → eBay US,輸出(相場),ヤフオク(落札p25),49800.0,eBay US(実売中央),127997.0,39.247311827956985,782.8562691131499,503.2415902140673,23.0,82280.0,35580.0,42617.0,9.3,85234.0,62417.0,2.0,0.028,23.0,6.0,35.0,25.0,2:中,--/単体/中古,要注意,,実測,,,0.0,,https://auctions.yahoo.co.jp/search/search?p=HIOKI+3197+%E9%9B%BB%E6%BA%90%E5%93%81%E8%B3%AA&s1=end&o1=a,,,,3.1,13747.419354838708,https://www.ebay.com/sch/i.html?_nkw=Hioki+3197&LH_Sold=1&LH_Complete=1,purity.csv(トリム+構成分割済み。Terapeak 3年実売 × aucfree 12ヶ月),,,,,,,,
YOKOGAWA WT1800,ヤフオク → eBay US,輸出(相場),ヤフオク(落札p25),392800.0,eBay US(実売中央),842575.0,68.86792452830188,5153.363914373089,4354.954128440367,16.0,712035.0,159812.0,289963.0,5.3,1449815.0,652763.0,5.0,0.0,16.0,6.0,17.0,16.0,2:中,--/単体/中古,,,実測,,,0.0,,https://auctions.yahoo.co.jp/search/search?p=%E6%A8%AA%E6%B2%B3+WT1800&s1=end&o1=a,,,,11.6,24996.810344827587,https://www.ebay.com/sch/i.html?_nkw=Yokogawa+WT1800&LH_Sold=1&LH_Complete=1,purity.csv(トリム+構成分割済み。Terapeak 3年実売 × aucfree 12ヶ月),,,,,,,,
ANRITSU MT8820C,ヤフオク → eBay US,輸出(相場),ヤフオク(落札p25),14050.0,eBay US(実売中央),79905.0,37.628865979381445,488.7155963302752,329.03975535168195,26.0,53798.0,42784.0,23071.0,9.7,0.0,7121.0,0.0,0.017,26.0,32.0,33.0,27.0,2:中,C/単体/中古,要注意,,実測,,,0.0,,https://auctions.yahoo.co.jp/search/search?p=%E3%82%A2%E3%83%B3%E3%83%AA%E3%83%84+MT8820C&s1=end&o1=a,,,,4.5,5126.888888888889,https://www.ebay.com/sch/i.html?_nkw=Anritsu+MT8820C&LH_Sold=1&LH_Complete=1,purity.csv(トリム+構成分割済み。Terapeak 3年実売 × aucfree 12ヶ月),,,,,,,,
SANWA PC7000,ヤフオク → eBay US,輸出(相場),ヤフオク(落札p25),11500.0,eBay US(実売中央),34372.0,24.333333333333332,210.2262996941896,202.74617737003058,11.0,33149.0,15799.0,7073.0,15.0,0.0,-11427.0,0.0,0.0,11.0,6.0,19.0,15.0,2:中,--/単体/中古,,,実測,,,0.0,,https://auctions.yahoo.co.jp/search/search?p=%E4%B8%89%E5%92%8C+PC7000&s1=end&o1=a,,,,5.7,1240.877192982456,https://www.ebay.com/sch/i.html?_nkw=Sanwa+PC7000&LH_Sold=1&LH_Complete=1,purity.csv(トリム+構成分割済み。Terapeak 3年実売 × aucfree 12ヶ月),,,,,,,,
MITUTOYO SJ-410,ヤフオク → eBay US,輸出(相場),ヤフオク(落札p25),250000.0,eBay US(実売中央),911189.0,68.86792452830188,5573.021406727828,3822.678899082569,14.0,625008.0,160890.0,500299.0,5.3,1500897.0,720299.0,3.0,0.105,14.0,3.0,53.0,16.0,2:中,--/単体/中古,,,実測,,,0.0,,https://auctions.yahoo.co.jp/search/search?p=%E3%83%9F%E3%83%84%E3%83%88%E3%83%A8+SJ-410&s1=end&o1=a,,,,5.1,98097.84313725491,https://www.ebay.com/sch/i.html?_nkw=Mitutoyo+SJ-410&LH_Sold=1&LH_Complete=1,purity.csv(トリム+構成分割済み。Terapeak 3年実売 × aucfree 12ヶ月),,,,,,,,
OLYMPUS SZX16,ヤフオク → eBay US,輸出(相場),ヤフオク(落札p25),403000.0,eBay US(実売中央),791150.0,73.0,4838.837920489296,3387.1865443425077,13.0,553805.0,151584.0,236566.0,5.0,1182830.0,609566.0,5.0,0.1,13.0,5.0,29.0,15.0,2:中,--/単体/中古,,,実測,,,0.0,,https://auctions.yahoo.co.jp/search/search?p=%E3%82%AA%E3%83%AA%E3%83%B3%E3%83%91%E3%82%B9+SZX16&s1=end&o1=a,,,,2.2,107529.99999999999,https://www.ebay.com/sch/i.html?_nkw=Olympus+SZX16&LH_Sold=1&LH_Complete=1,purity.csv(トリム+構成分割済み。Terapeak 3年実売 × aucfree 12ヶ月),,,,,,,,
SHIMADZU UV-1800,ヤフオク → eBay US,輸出(相場),ヤフオク(落札p25),140000.0,eBay US(実売中央),221522.0,35.43689320388349,1354.874617737003,967.7675840978593,29.0,158230.0,65444.0,16078.0,10.3,16078.0,126078.0,1.0,0.028,29.0,6.0,39.0,30.0,2:中,--/単体/中古,要注意,,実測,,,0.0,,https://auctions.yahoo.co.jp/search/search?p=%E5%B3%B6%E6%B4%A5+UV-1800&s1=end&o1=a,,,,1.2,13398.333333333334,https://www.ebay.com/sch/i.html?_nkw=Shimadzu+UV-1800&LH_Sold=1&LH_Complete=1,purity.csv(トリム+構成分割済み。Terapeak 3年実売 × aucfree 12ヶ月),,,,,,,,
SONY PXW-FX9,ヤフオク → eBay US,輸出(相場),ヤフオク(落札p25),500000.0,eBay US(実売中央),780265.0,4.467564259485924,4772.262996941896,3387.1865443425077,14.0,553805.0,144842.0,135423.0,81.7,541692.0,605423.0,4.0,0.242,14.0,5.0,524.0,193.0,3:厚い,V/単体/中古,,,実測,,,0.0,,https://auctions.yahoo.co.jp/search/search?p=PXW-FX9&s1=end&o1=a,,,,0.7,193461.42857142858,https://www.ebay.com/sch/i.html?_nkw=Sony+PXW-FX9&LH_Sold=1&LH_Complete=1,purity.csv(トリム+構成分割済み。Terapeak 3年実売 × aucfree 12ヶ月),,,,,,,,
SONY ILME-FX6,ヤフオク → eBay US,輸出(相場),ヤフオク(落札p25),593000.0,eBay US(実売中央),806390.0,2.594171997157072,4932.048929663609,4548.495412844037,59.0,743679.0,146523.0,66867.0,140.7,133734.0,629867.0,2.0,0.19,59.0,3.0,461.0,269.0,3:厚い,--/単体/中古,,,実測,,,0.0,,https://auctions.yahoo.co.jp/search/search?p=FX6+%E3%82%B7%E3%83%8D%E3%83%9E%E3%82%AB%E3%83%A1%E3%83%A9&s1=end&o1=a,,,,0.5,133734.0,https://www.ebay.com/sch/i.html?_nkw=Sony+ILME-FX6&LH_Sold=1&LH_Complete=1,purity.csv(トリム+構成分割済み。Terapeak 3年実売 × aucfree 12ヶ月),,,,,,,,
SONY PXW-X70,ヤフオク → eBay US,輸出(相場),ヤフオク(落札p25),63000.0,eBay US(実売中央),145128.0,3.1196581196581197,887.6330275229358,774.2140672782874,286.0,126584.0,38321.0,43807.0,117.0,876140.0,76807.0,20.0,0.046,286.0,33.0,665.0,318.0,3:厚い,--/単体/中古,,,実測,,,0.0,,https://auctions.yahoo.co.jp/search/search?p=PXW-X70&s1=end&o1=a,,,,0.2,175228.0,https://www.ebay.com/sch/i.html?_nkw=Sony+PXW-X70&LH_Sold=1&LH_Complete=1,purity.csv(トリム+構成分割済み。Terapeak 3年実売 × aucfree 12ヶ月),,,,,,,,
SONY PXW-Z90,ヤフオク → eBay US,輸出(相場),ヤフオク(落札p25),214231.0,eBay US(実売中央),308548.0,24.333333333333332,1887.14373088685,1645.2048929663608,16.0,268991.0,64467.0,29850.0,15.0,29850.0,214081.0,1.0,0.136,16.0,7.0,96.0,30.0,2:中,--/単体/中古,,,実測,,,0.0,,https://auctions.yahoo.co.jp/search/search?p=PXW-Z90&s1=end&o1=a,,,,1.8,16583.333333333332,https://www.ebay.com/sch/i.html?_nkw=Sony+PXW-Z90&LH_Sold=1&LH_Complete=1,purity.csv(トリム+構成分割済み。Terapeak 3年実売 × aucfree 12ヶ月),,,,,,,,
SONY HXR-NX5R,ヤフオク → eBay US,輸出(相場),ヤフオク(落札p25),167582.0,eBay US(実売中央),181964.0,21.098265895953755,1112.9296636085626,919.3761467889908,43.0,150318.0,46614.0,-32232.0,17.3,-128928.0,105350.0,4.0,0.08,43.0,55.0,106.0,51.0,2:中,--/単体/中古,,,実測,,,0.0,,https://auctions.yahoo.co.jp/search/search?p=HXR-NX5R&s1=end&o1=a,,,,0.7,-46045.71428571429,https://www.ebay.com/sch/i.html?_nkw=Sony+HXR-NX5R&LH_Sold=1&LH_Complete=1,purity.csv(トリム+構成分割済み。Terapeak 3年実売 × aucfree 12ヶ月),,,,,,,,
SONY PMW-EX3,ヤフオク → eBay US,輸出(相場),ヤフオク(落札p25),24501.0,eBay US(実売中央),79115.0,3.3091568449682685,483.88379204892965,338.7155963302752,263.0,55380.0,30158.0,24456.0,110.3,0.0,18957.0,0.0,0.105,263.0,19.0,624.0,305.0,3:厚い,--/単体/中古,,,実測,,,0.0,,https://auctions.yahoo.co.jp/search/search?p=PMW-EX3&s1=end&o1=a,,,,0.5,48912.0,https://www.ebay.com/sch/i.html?_nkw=Sony+PMW-EX3&LH_Sold=1&LH_Complete=1,purity.csv(トリム+構成分割済み。Terapeak 3年実売 × aucfree 12ヶ月),,,,,,,,
PANA AU-EVA1,ヤフオク → eBay US,輸出(相場),ヤフオク(落札p25),128000.0,eBay US(実売中央),245368.0,5.887096774193548,1500.7217125382263,1157.4495412844037,74.0,189243.0,56759.0,60609.0,62.0,242436.0,158609.0,4.0,0.065,74.0,8.0,210.0,175.0,3:厚い,--/単体/中古,,,実測,,,0.0,,https://auctions.yahoo.co.jp/search/search?p=AU-EVA1&s1=end&o1=a,,,,0.7,86584.28571428572,https://www.ebay.com/sch/i.html?_nkw=Panasonic+AU-EVA1&LH_Sold=1&LH_Complete=1,purity.csv(トリム+構成分割済み。Terapeak 3年実売 × aucfree 12ヶ月),,,,,,,,
PANA AG-CX350,ヤフオク → eBay US,輸出(相場),ヤフオク(落札p25),199000.0,eBay US(実売中央),305249.0,5.729984301412872,1866.9663608562691,1693.5902140672783,108.0,276902.0,63940.0,42309.0,63.7,380781.0,211309.0,9.0,0.017,108.0,23.0,198.0,149.0,3:厚い,--/単体/中古,,,実測,,,0.0,,https://auctions.yahoo.co.jp/search/search?p=AG-CX350&s1=end&o1=a,,,,0.8,52886.25,https://www.ebay.com/sch/i.html?_nkw=Panasonic+AG-CX350&LH_Sold=1&LH_Complete=1,purity.csv(トリム+構成分割済み。Terapeak 3年実売 × aucfree 12ヶ月),,,,,,,,
PANA AG-DVX200,ヤフオク → eBay US,輸出(相場),ヤフオク(落札p25),120000.0,eBay US(実売中央),197786.0,3.624627606752731,1209.7003058103976,1016.1590214067278,245.0,166142.0,49146.0,28640.0,100.7,85920.0,118640.0,3.0,0.04,245.0,12.0,416.0,289.0,3:厚い,--/単体/中古,,,実測,,,0.0,,https://auctions.yahoo.co.jp/search/search?p=AG-DVX200&s1=end&o1=a,,,,0.3,95466.66666666667,https://www.ebay.com/sch/i.html?_nkw=Panasonic+AG-DVX200&LH_Sold=1&LH_Complete=1,purity.csv(トリム+構成分割済み。Terapeak 3年実売 × aucfree 12ヶ月),,,,,,,,
PANA AJ-PX270,ヤフオク → eBay US,輸出(相場),ヤフオク(落札p25),62980.0,eBay US(実売中央),107038.0,9.125,654.6666666666666,387.1070336391437,102.0,63292.0,34626.0,9432.0,40.0,0.0,42412.0,0.0,0.016,102.0,15.0,170.0,108.0,2:中,--/単体/中古,要注意,,実測,,,0.0,,https://auctions.yahoo.co.jp/search/search?p=AJ-PX270&s1=end&o1=a,,,,0.5,18864.0,https://www.ebay.com/sch/i.html?_nkw=Panasonic+AJ-PX270&LH_Sold=1&LH_Complete=1,purity.csv(トリム+構成分割済み。Terapeak 3年実売 × aucfree 12ヶ月),,,,,,,,
PANA AG-UX90,ヤフオク → eBay US,輸出(相場),ヤフオク(落札p25),61000.0,eBay US(実売中央),139374.0,9.864864864864865,852.440366972477,725.8226299694189,100.0,118672.0,37400.0,40974.0,37.0,81948.0,71974.0,2.0,0.043,100.0,7.0,214.0,107.0,2:中,--/単体/中古,,,実測,,,0.0,,https://auctions.yahoo.co.jp/search/search?p=AG-UX90&s1=end&o1=a,,,,0.5,81948.0,https://www.ebay.com/sch/i.html?_nkw=Panasonic+AG-UX90&LH_Sold=1&LH_Complete=1,purity.csv(トリム+構成分割済み。Terapeak 3年実売 × aucfree 12ヶ月),,,,,,,,
CANON EOS C200,ヤフオク → eBay US,輸出(相場),ヤフオク(落札p25),110000.0,eBay US(実売中央),218396.0,2.601568068424804,1335.755351681957,1088.7400611620794,319.0,178009.0,52443.0,55953.0,140.3,335718.0,135953.0,6.0,0.011,319.0,9.0,674.0,359.0,3:厚い,--/単体/中古,,,実測,,,0.0,,https://auctions.yahoo.co.jp/search/search?p=Canon+EOS+C200+%E3%82%B7%E3%83%8D%E3%83%9E%E3%82%AB%E3%83%A1%E3%83%A9&s1=end&o1=a,,,,0.5,111906.0,https://www.ebay.com/sch/i.html?_nkw=Canon+EOS+C200&LH_Sold=1&LH_Complete=1,purity.csv(トリム+構成分割済み。Terapeak 3年実売 × aucfree 12ヶ月),,,,,,,,
TASCAM DA-3000,ヤフオク → eBay US,輸出(相場),ヤフオク(落札p25),71250.0,eBay US(実売中央),134496.0,14.6,822.605504587156,629.039755351682,51.0,102848.0,34220.0,29026.0,25.0,203182.0,70276.0,7.0,0.012,51.0,29.0,60.0,54.0,2:中,--/単体/中古,,,実測,,,0.0,,https://auctions.yahoo.co.jp/search/search?p=TASCAM+DA-3000&s1=end&o1=a,,,,1.1,26387.272727272724,https://www.ebay.com/sch/i.html?_nkw=Tascam+DA-3000&LH_Sold=1&LH_Complete=1,purity.csv(トリム+構成分割済み。Terapeak 3年実売 × aucfree 12ヶ月),,,,,,,,
SONY PCM-D100,ヤフオク → eBay US,輸出(相場),ヤフオク(落札p25),65000.0,eBay US(実売中央),107518.0,2.786259541984733,657.6024464831804,618.4036697247707,284.0,101109.0,27503.0,15015.0,131.0,45045.0,50015.0,3.0,0.014,284.0,38.0,448.0,308.0,3:厚い,--/単体/中古,,,実測,,,0.0,,https://auctions.yahoo.co.jp/search/search?p=SONY+PCM-D100&s1=end&o1=a,,,,0.4,37537.5,https://www.ebay.com/sch/i.html?_nkw=Sony+PCM-D100&LH_Sold=1&LH_Complete=1,purity.csv(トリム+構成分割済み。Terapeak 3年実売 × aucfree 12ヶ月),,,,,,,,
ZOOM F6,ヤフオク → eBay US,輸出(相場),ヤフオク(落札p25),51000.0,eBay US(実売中央),80654.0,2.5831564048124553,493.2966360856269,435.49847094801225,179.0,71204.0,23204.0,6450.0,141.3,0.0,27450.0,0.0,0.03,179.0,17.0,602.0,345.0,3:厚い,--/単体/中古,,,実測,,,0.0,,https://auctions.yahoo.co.jp/search/search?p=ZOOM+F6+%E3%83%95%E3%82%A3%E3%83%BC%E3%83%AB%E3%83%89%E3%83%AC%E3%82%B3%E3%83%BC%E3%83%80%E3%83%BC&s1=end&o1=a,,,,0.5,12900.0,https://www.ebay.com/sch/i.html?_nkw=Zoom+F6&LH_Sold=1&LH_Complete=1,purity.csv(トリム+構成分割済み。Terapeak 3年実売 × aucfree 12ヶ月),,,,,,,,
ROLAND TD-50,ヤフオク → eBay US,輸出(相場),ヤフオク(落札p25),203000.0,eBay US(実売中央),237841.0,7.815845824411134,1454.68501529052,1258.097859327217,54.0,205699.0,63054.0,-28213.0,46.7,-28213.0,144787.0,1.0,0.125,54.0,24.0,396.0,115.0,2:中,--/単体/中古,,,実測,,,0.0,,https://auctions.yahoo.co.jp/search/search?p=%E3%83%AD%E3%83%BC%E3%83%A9%E3%83%B3%E3%83%89+TD-50&s1=end&o1=a,,,,0.6,-47021.66666666667,https://www.ebay.com/sch/i.html?_nkw=Roland+TD-50&LH_Sold=1&LH_Complete=1,purity.csv(トリム+構成分割済み。Terapeak 3年実売 × aucfree 12ヶ月),,,,,,,,
ROLAND SYSTEM-8,ヤフオク → eBay US,輸出(相場),ヤフオク(落札p25),82000.0,eBay US(実売中央),188228.0,24.829931972789115,1151.2415902140672,972.605504587156,19.0,159021.0,50117.0,56111.0,14.7,168333.0,108111.0,3.0,0.02,19.0,6.0,238.0,43.0,2:中,--/単体/中古,要注意,,実測,,,0.0,,https://auctions.yahoo.co.jp/search/search?p=%E3%83%AD%E3%83%BC%E3%83%A9%E3%83%B3%E3%83%89+SYSTEM-8&s1=end&o1=a,,,,0.2,224444.0,https://www.ebay.com/sch/i.html?_nkw=Roland+System-8&LH_Sold=1&LH_Complete=1,purity.csv(トリム+構成分割済み。Terapeak 3年実売 × aucfree 12ヶ月),,,,,,,,
KORG KRONOS,ヤフオク → eBay US,輸出(相場),ヤフオク(落札p25),136523.0,eBay US(実売中央),330485.0,1.3862514242309152,2021.31498470948,1644.2385321100917,83.0,268833.0,112878.0,81084.0,263.3,1459512.0,187607.0,18.0,0.347,83.0,23.0,514.0,311.0,3:厚い,2/単体/中古,要注意,数字無し,実測,,,0.0,,https://auctions.yahoo.co.jp/search/search?p=%E3%82%B3%E3%83%AB%E3%82%B0+KRONOS&s1=end&o1=a,,,,1.0,81084.0,https://www.ebay.com/sch/i.html?_nkw=Korg+Kronos&LH_Sold=1&LH_Complete=1,purity.csv(トリム+構成分割済み。Terapeak 3年実売 × aucfree 12ヶ月),,,,,,,,
YAMAHA MONTAGE,ヤフオク → eBay US,輸出(相場),ヤフオク(落札p25),274444.0,eBay US(実売中央),434828.0,3.882978723404255,2659.4984709480123,2516.195718654434,8.0,411398.0,129572.0,30812.0,94.0,61624.0,275256.0,2.0,0.096,8.0,5.0,277.0,186.0,3:厚い,7/単体/中古,,数字無し,実測,,,0.0,,https://auctions.yahoo.co.jp/search/search?p=%E3%83%A4%E3%83%9E%E3%83%8F+MONTAGE&s1=end&o1=a,,,,1.3,23701.53846153846,https://www.ebay.com/sch/i.html?_nkw=Yamaha+Montage&LH_Sold=1&LH_Complete=1,purity.csv(トリム+構成分割済み。Terapeak 3年実売 × aucfree 12ヶ月),,,,,,,,
YAMAHA CP88,ヤフオク → eBay US,輸出(相場),ヤフオク(落札p25),165637.0,eBay US(実売中央),310394.0,17.136150234741784,1898.434250764526,1838.7584097859328,16.0,300637.0,89663.0,55094.0,21.3,495846.0,190731.0,9.0,0.034,16.0,14.0,71.0,45.0,2:中,--/単体/中古,,,実測,,,0.0,,https://auctions.yahoo.co.jp/search/search?p=%E3%83%A4%E3%83%9E%E3%83%8F+CP88&s1=end&o1=a,,,,,,https://www.ebay.com/sch/i.html?_nkw=Yamaha+CP88&LH_Sold=1&LH_Complete=1,purity.csv(トリム+構成分割済み。Terapeak 3年実売 × aucfree 12ヶ月),,,,,,,,
BOSS GT-1000,ヤフオク → eBay US,輸出(相場),ヤフオク(落札p25),57000.0,eBay US(実売中央),94781.0,3.567937438905181,579.7003058103976,459.6880733944954,247.0,75159.0,30265.0,7516.0,102.3,0.0,34516.0,0.0,0.022,247.0,140.0,344.0,266.0,3:厚い,--/単体/中古,,,実測,,,0.0,,https://auctions.yahoo.co.jp/search/search?p=BOSS+GT-1000&s1=end&o1=a,,,,2.4,3131.666666666667,https://www.ebay.com/sch/i.html?_nkw=Boss+GT-1000&LH_Sold=1&LH_Complete=1,purity.csv(トリム+構成分割済み。Terapeak 3年実売 × aucfree 12ヶ月),,,,,,,,
ACCUPHASE E-800,ヤフオク → eBay US,輸出(相場),ヤフオク(落札p25),900000.0,eBay US(実売中央),1504388.0,64.03508771929825,9201.1498470948,8513.449541284404,4.0,1391949.0,300702.0,303686.0,5.7,1731010.0,1173686.0,16.0,0.152,4.0,16.0,22.0,12.0,2:中,--/単体/中古,,,実測,,,0.0,,https://auctions.yahoo.co.jp/search/search?p=%E3%82%A2%E3%82%AD%E3%83%A5%E3%83%95%E3%82%A7%E3%83%BC%E3%82%BA+E-800&s1=end&o1=a,,,,1.4,216918.57142857145,https://www.ebay.com/sch/i.html?_nkw=Accuphase+E-800&LH_Sold=1&LH_Complete=1,purity.csv(トリム+構成分割済み。Terapeak 3年実売 × aucfree 12ヶ月),,,,,,,,
ACCUPHASE DP-570,ヤフオク → eBay US,輸出(相場),ヤフオク(落札p25),547000.0,eBay US(実売中央),896755.0,64.03508771929825,5484.74006116208,4837.2232415902145,11.0,790886.0,183481.0,166274.0,5.7,947762.0,683274.0,16.0,0.0,11.0,16.0,19.0,15.0,2:中,--/単体/中古,,,実測,,,0.0,,https://auctions.yahoo.co.jp/search/search?p=%E3%82%A2%E3%82%AD%E3%83%A5%E3%83%95%E3%82%A7%E3%83%BC%E3%82%BA+DP-570&s1=end&o1=a,,,,1.4,118767.14285714287,https://www.ebay.com/sch/i.html?_nkw=Accuphase+DP-570&LH_Sold=1&LH_Complete=1,purity.csv(トリム+構成分割済み。Terapeak 3年実売 × aucfree 12ヶ月),,,,,,,,
ESOTERIC K-01,ヤフオク → eBay US,輸出(相場),ヤフオク(落札p25),556000.0,eBay US(実売中央),903927.0,214.7058823529412,5528.605504587156,4838.837920489296,4.0,791150.0,204628.0,143299.0,1.7,243608.0,669299.0,15.0,0.024,4.0,16.0,5.0,5.0,1:薄い,--/単体/中古,,,実測,,,0.0,,https://auctions.yahoo.co.jp/search/search?p=%E3%82%A8%E3%82%BD%E3%83%86%E3%83%AA%E3%83%83%E3%82%AF+K-01&s1=end&o1=a,,,,8.4,17059.40476190476,https://www.ebay.com/sch/i.html?_nkw=Esoteric+K-01&LH_Sold=1&LH_Complete=1,purity.csv(トリム+構成分割済み。Terapeak 3年実売 × aucfree 12ヶ月),,,,,,,,
TECHNICS SL-1200G,ヤフオク → eBay US,輸出(相場),ヤフオク(落札p25),252000.0,eBay US(実売中央),437183.0,8.165548098434003,2673.902140672783,2233.5902140672783,12.0,365192.0,109949.0,75234.0,44.7,451404.0,297234.0,6.0,0.203,12.0,9.0,82.0,45.0,2:中,--/単体/中古,,,実測,,,0.0,,https://auctions.yahoo.co.jp/search/search?p=%E3%83%86%E3%82%AF%E3%83%8B%E3%82%AF%E3%82%B9+SL-1200G&s1=end&o1=a,,,,0.4,188085.0,https://www.ebay.com/sch/i.html?_nkw=Technics+SL-1200G&LH_Sold=1&LH_Complete=1,purity.csv(トリム+構成分割済み。Terapeak 3年実売 × aucfree 12ヶ月),,,,,,,,
DENON DL-103,ヤフオク → eBay US,輸出(相場),ヤフオク(落札p25),10240.0,eBay US(実売中央),26431.0,1.42578125,161.65749235474007,120.97247706422019,343.0,19779.0,14529.0,1662.0,256.0,0.0,-18098.0,0.0,0.044,343.0,224.0,575.0,484.0,3:厚い,--/単体/中古,要注意,,実測,,,0.0,,https://auctions.yahoo.co.jp/search/search?p=%E3%83%87%E3%83%8E%E3%83%B3+DL-103&s1=end&o1=a,,,,0.7,2374.285714285714,https://www.ebay.com/sch/i.html?_nkw=Denon+DL-103&LH_Sold=1&LH_Complete=1,purity.csv(トリム+構成分割済み。Terapeak 3年実売 × aucfree 12ヶ月),,,,,,,,
NAKAMICHI DRAGON,ヤフオク → eBay US,輸出(相場),ヤフオク(落札p25),208000.0,eBay US(実売中央),266120.0,0.6020122051789544,1627.6452599388379,870.9908256880734,297.0,142407.0,77579.0,-19459.0,606.3,0.0,158541.0,0.0,0.361,297.0,21.0,982.0,734.0,3:厚い,--/単体/中古,要注意,数字無し,実測,,,0.0,,https://auctions.yahoo.co.jp/search/search?p=%E3%83%8A%E3%82%AB%E3%83%9F%E3%83%81+%E3%83%89%E3%83%A9%E3%82%B4%E3%83%B3&s1=end&o1=a,,,,0.3,-64863.333333333336,https://www.ebay.com/sch/i.html?_nkw=Nakamichi+Dragon&LH_Sold=1&LH_Complete=1,purity.csv(トリム+構成分割済み。Terapeak 3年実売 × aucfree 12ヶ月),,,,,,,,
YAMAHA NS-1000M,ヤフオク → eBay US,輸出(相場),ヤフオク(落札p25),20000.0,eBay US(実売中央),31489.0,2.163604030823948,192.59327217125383,120.97247706422019,273.0,19779.0,65038.0,-53549.0,168.7,0.0,-63549.0,0.0,0.066,273.0,250.0,463.0,324.0,3:厚い,--/単体/中古,要注意,,実測,,,0.0,,https://auctions.yahoo.co.jp/search/search?p=%E3%83%A4%E3%83%9E%E3%83%8F+NS-1000M&s1=end&o1=a,,,,0.5,-107098.0,https://www.ebay.com/sch/i.html?_nkw=Yamaha+NS-1000M&LH_Sold=1&LH_Complete=1,purity.csv(トリム+構成分割済み。Terapeak 3年実売 × aucfree 12ヶ月),,,,,,,,
PENTAX XW,ヤフオク → eBay US,輸出(相場),ヤフオク(落札p25),19000.0,eBay US(実売中央),28349.0,24.829931972789115,173.38837920489297,160.89296636085626,13.0,26306.0,14836.0,-5487.0,14.7,0.0,-16487.0,0.0,0.0,13.0,25.0,79.0,44.0,2:中,--/単体/中古,,,実測,,,0.0,,https://auctions.yahoo.co.jp/search/search?p=%E3%83%9A%E3%83%B3%E3%82%BF%E3%83%83%E3%82%AF%E3%82%B9+XW+%E3%82%A2%E3%82%A4%E3%83%94%E3%83%BC%E3%82%B9&s1=end&o1=a,,,,9.0,-609.6666666666666,https://www.ebay.com/sch/i.html?_nkw=Pentax+XW+eyepiece&LH_Sold=1&LH_Complete=1,purity.csv(トリム+構成分割済み。Terapeak 3年実売 × aucfree 12ヶ月),,,,,,,,
MAMIYA 7II,ヤフオク → eBay US,輸出(相場),ヤフオク(落札p25),391002.0,eBay US(実売中央),555414.0,4.602774274905423,3397.02752293578,2806.525993883792,129.0,458867.0,101566.0,62846.0,79.3,816998.0,423848.0,13.0,0.178,129.0,40.0,1000.0,220.0,3:厚い,--/単体/中古,,,実測,,,0.0,,https://auctions.yahoo.co.jp/search/search?p=%E3%83%9E%E3%83%9F%E3%83%A4+7II&s1=end&o1=a,,,,0.7,89780.0,https://www.ebay.com/sch/i.html?_nkw=Mamiya+7II&LH_Sold=1&LH_Complete=1,purity.csv(トリム+構成分割済み。Terapeak 3年実売 × aucfree 12ヶ月),,,,,,,,
MAMIYA RZ67,ヤフオク → eBay US,輸出(相場),ヤフオク(落札p25),29500.0,eBay US(実売中央),44254.0,2.6202440775305096,270.6666666666667,125.79816513761467,202.0,20568.0,27081.0,-12327.0,139.3,0.0,-12827.0,0.0,0.261,202.0,145.0,1000.0,303.0,3:厚い,--/単体/中古,要注意,,実測,,,0.0,,https://auctions.yahoo.co.jp/search/search?p=%E3%83%9E%E3%83%9F%E3%83%A4+RZ67&s1=end&o1=a,,,,2.7,-4565.555555555556,https://www.ebay.com/sch/i.html?_nkw=Mamiya+RZ67&LH_Sold=1&LH_Complete=1,purity.csv(トリム+構成分割済み。Terapeak 3年実売 × aucfree 12ヶ月),,,,,,,,
PENTAX 67II,ヤフオク → eBay US,輸出(相場),ヤフオク(落札p25),242001.0,eBay US(実売中央),47755.0,3.4995206136145733,292.0795107033639,164.51987767584097,152.0,26899.0,25141.0,-219387.0,104.3,0.0,-7386.0,0.0,0.195,152.0,120.0,1000.0,193.0,3:厚い,--/単体/中古,要注意,,実測,,,0.0,,https://auctions.yahoo.co.jp/search/search?p=%E3%83%9A%E3%83%B3%E3%82%BF%E3%83%83%E3%82%AF%E3%82%B9+67II&s1=end&o1=a,,,,1.7,-129051.17647058824,https://www.ebay.com/sch/i.html?_nkw=Pentax+67II&LH_Sold=1&LH_Complete=1,purity.csv(トリム+構成分割済み。Terapeak 3年実売 × aucfree 12ヶ月),,,,,,,,
CONTAX T3,ヤフオク → eBay US,輸出(相場),ヤフオク(落札p25),361000.0,eBay US(実売中央),395573.0,1.8462316641375822,2419.406727828746,2090.3669724770643,444.0,341775.0,73591.0,-39018.0,197.7,-117054.0,291982.0,3.0,0.133,444.0,84.0,1000.0,584.0,3:厚い,--/単体/中古,,,実測,,,0.0,,https://auctions.yahoo.co.jp/search/search?p=%E3%82%B3%E3%83%B3%E3%82%BF%E3%83%83%E3%82%AF%E3%82%B9+T3&s1=end&o1=a,,,,0.4,-97545.0,https://www.ebay.com/sch/i.html?_nkw=Contax+T3&LH_Sold=1&LH_Complete=1,purity.csv(トリム+構成分割済み。Terapeak 3年実売 × aucfree 12ヶ月),,,,,,,,
NIKON Z9,ヤフオク → eBay US,輸出(相場),ヤフオク(落札p25),354000.0,eBay US(実売中央),585814.0,3.870625662778367,3582.960244648318,3154.5137614678897,46.0,515763.0,111230.0,120584.0,94.3,5305696.0,444584.0,44.0,0.294,46.0,50.0,1000.0,107.0,3:厚い,--/単体/中古,,,実測,,,0.0,,https://auctions.yahoo.co.jp/search/search?p=%E3%83%8B%E3%82%B3%E3%83%B3+Z9&s1=end&o1=a,,,,0.5,241168.0,https://www.ebay.com/sch/i.html?_nkw=Nikon+Z9&LH_Sold=1&LH_Complete=1,purity.csv(トリム+構成分割済み。Terapeak 3年実売 × aucfree 12ヶ月),,,,,,,,
VOIGTLANDER NOKTON,ヤフオク → eBay US,輸出(相場),ヤフオク(落札p25),36077.0,eBay US(実売中央),70733.0,0.6588447653429603,432.6177370030581,348.38532110091745,530.0,56961.0,21617.0,13039.0,554.0,0.0,19116.0,0.0,0.013,530.0,252.0,1000.0,754.0,3:厚い,--/単体/中古,要注意,数字無し,実測,,,0.0,,https://auctions.yahoo.co.jp/search/search?p=%E3%83%95%E3%82%A9%E3%82%AF%E3%83%88%E3%83%AC%E3%83%B3%E3%83%80%E3%83%BC+NOKTON&s1=end&o1=a,,,,1.3,10030.0,https://www.ebay.com/sch/i.html?_nkw=Voigtlander+Nokton&LH_Sold=1&LH_Complete=1,purity.csv(トリム+構成分割済み。Terapeak 3年実売 × aucfree 12ヶ月),,,,,,,,
SHIMANO STELLA,ヤフオク → eBay US,輸出(相場),ヤフオク(落札p25),38000.0,eBay US(実売中央),79255.0,0.4362376000956137,484.7400611620795,373.39449541284404,288.0,61050.0,22981.0,18274.0,836.7,584768.0,26274.0,32.0,0.184,288.0,169.0,1000.0,476.0,3:厚い,--/単体/中古,,数字無し,実測,,,0.0,,https://auctions.yahoo.co.jp/search/search?p=%E3%82%B7%E3%83%9E%E3%83%8E+%E3%82%B9%E3%83%86%E3%83%A9&s1=end&o1=a,,,,0.8,22842.5,https://www.ebay.com/sch/i.html?_nkw=Shimano+Stella&LH_Sold=1&LH_Complete=1,purity.csv(トリム+構成分割済み。Terapeak 3年実売 × aucfree 12ヶ月),,,,,,,,
SHIMANO ANTARES,ヤフオク → eBay US,輸出(相場),ヤフオク(落札p25),16000.0,eBay US(実売中央),42643.0,0.8385021824029405,260.81345565749234,171.28440366972478,692.0,28005.0,17123.0,9520.0,435.3,0.0,-4480.0,0.0,0.087,692.0,194.0,1000.0,825.0,3:厚い,--/単体/中古,要注意,数字無し,実測,,,0.0,,https://auctions.yahoo.co.jp/search/search?p=%E3%82%B7%E3%83%9E%E3%83%8E+%E3%82%A2%E3%83%B3%E3%82%BF%E3%83%AC%E3%82%B9&s1=end&o1=a,,,,2.2,4327.272727272727,https://www.ebay.com/sch/i.html?_nkw=Shimano+Antares&LH_Sold=1&LH_Complete=1,purity.csv(トリム+構成分割済み。Terapeak 3年実売 × aucfree 12ヶ月),,,,,,,,
DAIWA EXIST,ヤフオク → eBay US,輸出(相場),ヤフオク(落札p25),21980.0,eBay US(実売中央),64754.0,1.705607476635514,396.0489296636086,309.6880733944954,426.0,50634.0,20660.0,22114.0,214.0,818218.0,14094.0,37.0,0.115,426.0,231.0,735.0,506.0,3:厚い,--/単体/中古,要注意,数字無し,実測,,,0.0,,https://auctions.yahoo.co.jp/search/search?p=%E3%83%80%E3%82%A4%E3%83%AF+%E3%82%A4%E3%82%B0%E3%82%B8%E3%82%B9%E3%83%88&s1=end&o1=a,,,,2.8,7897.857142857143,https://www.ebay.com/sch/i.html?_nkw=Daiwa+Exist&LH_Sold=1&LH_Complete=1,purity.csv(トリム+構成分割済み。Terapeak 3年実売 × aucfree 12ヶ月),,,,,,,,
DAIWA STEEZ,ヤフオク → eBay US,輸出(相場),ヤフオク(落札p25),16000.0,eBay US(実売中央),46627.0,0.7567903794318889,285.18042813455656,194.348623853211,424.0,31776.0,17760.0,12867.0,482.3,0.0,-1133.0,0.0,0.362,424.0,166.0,1000.0,778.0,3:厚い,--/単体/中古,要注意,数字無し,実測,,,0.0,,https://auctions.yahoo.co.jp/search/search?p=%E3%83%80%E3%82%A4%E3%83%AF+%E3%82%B9%E3%83%86%E3%82%A3%E3%83%BC%E3%82%BA&s1=end&o1=a,,,,1.0,12867.0,https://www.ebay.com/sch/i.html?_nkw=Daiwa+Steez&LH_Sold=1&LH_Complete=1,purity.csv(トリム+構成分割済み。Terapeak 3年実売 × aucfree 12ヶ月),,,,,,,,
NSK Ti-Max,ヤフオク → eBay US,輸出(相場),ヤフオク(落札p25),15000.0,eBay US(実売中央),33244.0,0.603605093434761,203.32721712538228,94.15290519877676,327.0,15394.0,15619.0,2625.0,604.7,0.0,-12375.0,0.0,0.032,327.0,15.0,1000.0,390.0,3:厚い,--/単体/中古,要注意,数字無し,実測,,,0.0,,https://auctions.yahoo.co.jp/search/search?p=NSK+Ti-Max&s1=end&o1=a,,,,,,https://www.ebay.com/sch/i.html?_nkw=NSK+Ti-Max&LH_Sold=1&LH_Complete=1,purity.csv(トリム+構成分割済み。Terapeak 3年実売 × aucfree 12ヶ月),,,,,,,,
ROLAND MDX-40A,ヤフオク → eBay US,輸出(相場),ヤフオク(落札p25),120000.0,eBay US(実売中央),245256.0,135.1851851851852,1500.0366972477063,483.88379204892965,5.0,79115.0,99241.0,26015.0,2.7,52030.0,116015.0,2.0,0.188,5.0,8.0,9.0,8.0,1:薄い,A/単体/中古,要注意,,実測,,,0.0,,https://auctions.yahoo.co.jp/search/search?p=%E3%83%AD%E3%83%BC%E3%83%A9%E3%83%B3%E3%83%89+MDX-40A&s1=end&o1=a,,,,,,https://www.ebay.com/sch/i.html?_nkw=Roland+MDX-40A&LH_Sold=1&LH_Complete=1,purity.csv(トリム+構成分割済み。Terapeak 3年実売 × aucfree 12ヶ月),,,,,,,,
ICOM IC-7300,ヤフオク → eBay US,輸出(相場),ヤフオク(落札p25),72000.0,eBay US(実売中央),3167.0,3.024026512013256,19.370030581039757,19.30886850152905,11.0,3157.0,20507.0,-89340.0,120.7,0.0,-47340.0,0.0,0.031,11.0,144.0,150.0,13.0,3:厚い,--/単体/中古,要注意,,実測,,,0.0,,https://auctions.yahoo.co.jp/search/search?p=%E3%82%A2%E3%82%A4%E3%82%B3%E3%83%A0+IC-7300&s1=end&o1=a,,,,,,https://www.ebay.com/sch/i.html?_nkw=Icom+IC-7300&LH_Sold=1&LH_Complete=1,purity.csv(トリム+構成分割済み。Terapeak 3年実売 × aucfree 12ヶ月),,,,,,,,
ICOM IC-705,ヤフオク → eBay US,輸出(相場),ヤフオク(落札p25),88000.0,eBay US(実売中央),7023.0,1.1812297734627832,42.95412844036697,26.01223241590214,24.0,4253.0,13824.0,-94801.0,309.0,0.0,-36801.0,0.0,0.089,24.0,129.0,150.0,33.0,3:厚い,--/単体/中古,要注意,,実測,,,0.0,,https://auctions.yahoo.co.jp/search/search?p=%E3%82%A2%E3%82%A4%E3%82%B3%E3%83%A0+IC-705&s1=end&o1=a,,,,,,https://www.ebay.com/sch/i.html?_nkw=Icom+IC-705&LH_Sold=1&LH_Complete=1,purity.csv(トリム+構成分割済み。Terapeak 3年実売 × aucfree 12ヶ月),,,,,,,,
ICOM IC-7851,ヤフオク → eBay US,輸出(相場),ヤフオク(落札p25),3000.0,eBay US(実売中央),814701.0,214.7058823529412,4982.880733944954,1739.737003058104,4.0,284447.0,170352.0,641349.0,1.7,1090293.0,614349.0,10.0,0.042,4.0,19.0,94.0,5.0,1:薄い,--/単体/中古,要注意,,実測,,,0.0,,https://auctions.yahoo.co.jp/search/search?p=%E3%82%A2%E3%82%A4%E3%82%B3%E3%83%A0+IC-7851&s1=end&o1=a,,,,,,https://www.ebay.com/sch/i.html?_nkw=Icom+IC-7851&LH_Sold=1&LH_Complete=1,purity.csv(トリム+構成分割済み。Terapeak 3年実売 × aucfree 12ヶ月),,,,,,,,
ICOM IC-9100,ヤフオク → eBay US,輸出(相場),ヤフオク(落札p25),112000.0,eBay US(実売中央),230665.0,64.03508771929825,1410.7951070336392,1257.131498470948,3.0,205541.0,61907.0,56758.0,5.7,323521.0,138758.0,12.0,0.132,3.0,26.0,150.0,6.0,2:中,--/単体/中古,,,実測,,,0.0,,https://auctions.yahoo.co.jp/search/search?p=%E3%82%A2%E3%82%A4%E3%82%B3%E3%83%A0+IC-9100&s1=end&o1=a,,,,,,https://www.ebay.com/sch/i.html?_nkw=Icom+IC-9100&LH_Sold=1&LH_Complete=1,purity.csv(トリム+構成分割済み。Terapeak 3年実売 × aucfree 12ヶ月),,,,,,,,
SONY PXW-FS7,ヤフオク → eBay US,輸出(相場),ヤフオク(落札p25),88500.0,eBay US(実売中央),40962.0,5.236728837876614,250.5321100917431,232.26299694189603,12.0,37975.0,24054.0,-71592.0,69.7,0.0,-13092.0,0.0,0.113,12.0,36.0,150.0,46.0,3:厚い,M2/単体/中古,要注意,,実測,,,0.0,,https://auctions.yahoo.co.jp/search/search?p=PXW-FS7&s1=end&o1=a,,,,,,https://www.ebay.com/sch/i.html?_nkw=Sony+PXW-FS7&LH_Sold=1&LH_Complete=1,purity.csv(トリム+構成分割済み。Terapeak 3年実売 × aucfree 12ヶ月),,,,,,,,
HiKOKI ハイコーキ コードレスインパクトドライバー　WH36DD,Yahoo!フリマ → ヤフオク,国内(現物),Yahoo!フリマ,11000.0,ヤフオク(再出品),39025.0,4.67948717948718,,,39.0,35420.0,10171.0,17854.0,,,22195.0,,,,,,,,,,,,p_tools_wh36dd,https://paypayfleamarket.yahoo.co.jp/item/z668654938,,,https://paypayfleamarket.yahoo.co.jp/item/z668654938,,🟢 自白なし,,,,https://aucfree.com/search?q=HiKOKI+WH36DD,flea_candidates.csv,1951.25,2026-08-27T17:03,中古,中古,,,,
HiKOKI WH36DD コードレスインパクトドライバ 36V,Yahoo!フリマ → ヤフオク,国内(現物),Yahoo!フリマ,13500.0,ヤフオク(再出品),39025.0,4.67948717948718,,,39.0,35420.0,10171.0,15354.0,,,22195.0,,,,,,,,,,,,p_tools_wh36dd,https://paypayfleamarket.yahoo.co.jp/item/z683278826,,,https://paypayfleamarket.yahoo.co.jp/item/z683278826,,🟢 自白なし,,,,https://aucfree.com/search?q=HiKOKI+WH36DD,flea_candidates.csv,1951.25,2026-10-04T20:03,中古,中古,,,,
HiKOKI WH36DD インパクトドライバー 36v,Yahoo!フリマ → ヤフオク,国内(現物),Yahoo!フリマ,13800.0,ヤフオク(再出品),39025.0,4.67948717948718,,,39.0,35420.0,10171.0,15054.0,,,22195.0,,,,,,,,,,,,p_tools_wh36dd,https://paypayfleamarket.yahoo.co.jp/item/z698200428,,,https://paypayfleamarket.yahoo.co.jp/item/z698200428,,🟢 自白なし,,,,https://aucfree.com/search?q=HiKOKI+WH36DD,flea_candidates.csv,1951.25,2026-10-07T00:03,中古,中古,,,,
週末まで値引き中！　美品　HiKOKI ハイコーキ WH36DD インパクトドライバー スト,Yahoo!フリマ → ヤフオク,国内(現物),Yahoo!フリマ,14000.0,ヤフオク(再出品),39025.0,4.67948717948718,,,39.0,35420.0,10171.0,14854.0,,,22195.0,,,,,,,,,,,,p_tools_wh36dd,https://paypayfleamarket.yahoo.co.jp/item/z678322444,,,https://paypayfleamarket.yahoo.co.jp/item/z678322444,,🟢 自白なし,,,,https://aucfree.com/search?q=HiKOKI+WH36DD,flea_candidates.csv,1951.25,2026-09-22T17:03,中古,中古,,,,
HiKOKI 36V コードレスインパクトドライバ WH36DD 本体とビット,Yahoo!フリマ → ヤフオク,国内(現物),Yahoo!フリマ,16490.0,ヤフオク(再出品),39025.0,4.67948717948718,,,39.0,35420.0,10171.0,12364.0,,,22195.0,,,,,,,,,,,,p_tools_wh36dd,https://paypayfleamarket.yahoo.co.jp/item/t1230700855,,,https://paypayfleamarket.yahoo.co.jp/item/t1230700855,,🟢 自白なし,,,,https://aucfree.com/search?q=HiKOKI+WH36DD,flea_candidates.csv,1951.25,2026-09-11T19:03,中古,中古,,,,
（早い者勝ち）ダイソン SV50 コードレス掃除機 ヘッドのみ　動作確認済み,Yahoo!フリマ → ヤフオク,国内(現物),Yahoo!フリマ,12000.0,ヤフオク(再出品),33000.0,2.225609756097561,,,82.0,26050.0,8755.0,12245.0,,,18650.0,,,,,,,,,,,,p_home_sv50,https://paypayfleamarket.yahoo.co.jp/item/z692832636,,,https://paypayfleamarket.yahoo.co.jp/item/z692832636,,🟢 自白なし,,,,https://aucfree.com/search?q=%E3%83%80%E3%82%A4%E3%82%BD%E3%83%B3+SV50,flea_candidates.csv,1650.0,2026-10-02T17:03,中古,中古,,,,
展示品未使用　HiKOKI ハイコーキ WH36DD アグレッシブグリーン,Yahoo!フリマ → ヤフオク,国内(現物),Yahoo!フリマ,16200.0,ヤフオク(再出品),36250.0,4.67948717948718,,,39.0,35420.0,9519.0,10531.0,,,20562.0,,,,,,,,,,,,p_tools_wh36dd,https://paypayfleamarket.yahoo.co.jp/item/z683820586,,,https://paypayfleamarket.yahoo.co.jp/item/z683820586,,🟢 自白なし,,,,https://aucfree.com/search?q=HiKOKI+WH36DD,flea_candidates.csv,1812.5,2026-10-07T02:03,新品,新品,,,,
送料無料　未使用　 ハイコーキ HITACHI 日立工機 18V 36V 充電式インパクトド,Yahoo!フリマ → ヤフオク,国内(現物),Yahoo!フリマ,16780.0,ヤフオク(再出品),36250.0,4.67948717948718,,,39.0,35420.0,9519.0,9951.0,,,20562.0,,,,,,,,,,,,p_tools_wh36dd,https://paypayfleamarket.yahoo.co.jp/item/e1246392728,,,https://paypayfleamarket.yahoo.co.jp/item/e1246392728,,🟢 自白なし,,,,https://aucfree.com/search?q=HiKOKI+WH36DD,flea_candidates.csv,1812.5,2026-10-10T03:03,新品,新品,,,,
送料無料　未使用　 ハイコーキ HITACHI 日立工機 18V 36V 充電式インパクトド,Yahoo!フリマ → ヤフオク,国内(現物),Yahoo!フリマ,16780.0,ヤフオク(再出品),36250.0,4.67948717948718,,,39.0,35420.0,9519.0,9951.0,,,20562.0,,,,,,,,,,,,p_tools_wh36dd,https://paypayfleamarket.yahoo.co.jp/item/c1242322851,,,https://paypayfleamarket.yahoo.co.jp/item/c1242322851,,🟢 自白なし,,,,https://aucfree.com/search?q=HiKOKI+WH36DD,flea_candidates.csv,1812.5,2026-10-08T21:03,新品,新品,,,,
送料無料　未使用　 ハイコーキ HITACHI 日立工機 18V 36V 充電式インパクトド,Yahoo!フリマ → ヤフオク,国内(現物),Yahoo!フリマ,16780.0,ヤフオク(再出品),36250.0,4.67948717948718,,,39.0,35420.0,9519.0,9951.0,,,20562.0,,,,,,,,,,,,p_tools_wh36dd,https://paypayfleamarket.yahoo.co.jp/item/d1245820343,,,https://paypayfleamarket.yahoo.co.jp/item/d1245820343,,🟢 自白なし,,,,https://aucfree.com/search?q=HiKOKI+WH36DD,flea_candidates.csv,1812.5,2026-09-29T19:03,新品,新品,,,,
HiKOKI WH36DD インパクトドライバ スパイダーイエロー 本体 36V対応 日立 ,Yahoo!フリマ → ヤフオク,国内(現物),Yahoo!フリマ,16790.0,ヤフオク(再出品),36250.0,4.67948717948718,,,39.0,35420.0,9519.0,9941.0,,,20562.0,,,,,,,,,,,,p_tools_wh36dd,https://paypayfleamarket.yahoo.co.jp/item/d1243439651,,,https://paypayfleamarket.yahoo.co.jp/item/d1243439651,,🟢 自白なし,,,,https://aucfree.com/search?q=HiKOKI+WH36DD,flea_candidates.csv,1812.5,2026-09-11T17:03,新品,新品,,,,
HiKOKI WH36DD インパクトドライバ スパイダーイエロー 本体 36V対応 日立 ,Yahoo!フリマ → ヤフオク,国内(現物),Yahoo!フリマ,16980.0,ヤフオク(再出品),36250.0,4.67948717948718,,,39.0,35420.0,9519.0,9751.0,,,20562.0,,,,,,,,,,,,p_tools_wh36dd,https://paypayfleamarket.yahoo.co.jp/item/1241953873,,,https://paypayfleamarket.yahoo.co.jp/item/1241953873,,🟢 自白なし,,,,https://aucfree.com/search?q=HiKOKI+WH36DD,flea_candidates.csv,1812.5,2026-09-05T21:03,新品,新品,,,,
送料無料　未使用　ハイコーキ 充電式インパクトドライバ 最新モデル　WH36DD 36v 1,Yahoo!フリマ → ヤフオク,国内(現物),Yahoo!フリマ,17480.0,ヤフオク(再出品),36250.0,4.67948717948718,,,39.0,35420.0,9519.0,9251.0,,,20562.0,,,,,,,,,,,,p_tools_wh36dd,https://paypayfleamarket.yahoo.co.jp/item/c1247297545,,,https://paypayfleamarket.yahoo.co.jp/item/c1247297545,,🟢 自白なし,,,,https://aucfree.com/search?q=HiKOKI+WH36DD,flea_candidates.csv,1812.5,2026-10-10T03:03,新品,新品,,,,
送料無料　未使用　ハイコーキ コードレスインパクトドライバ スパイダーイエロー　HITACH,Yahoo!フリマ → ヤフオク,国内(現物),Yahoo!フリマ,17480.0,ヤフオク(再出品),36250.0,4.67948717948718,,,39.0,35420.0,9519.0,9251.0,,,20562.0,,,,,,,,,,,,p_tools_wh36dd,https://paypayfleamarket.yahoo.co.jp/item/1245185238,,,https://paypayfleamarket.yahoo.co.jp/item/1245185238,,🟢 自白なし,,,,https://aucfree.com/search?q=HiKOKI+WH36DD,flea_candidates.csv,1812.5,2026-10-10T03:03,新品,新品,,,,
送料無料　未使用　ハイコーキ コードレスインパクトドライバ レッド　HITACHI 日立工機,Yahoo!フリマ → ヤフオク,国内(現物),Yahoo!フリマ,17480.0,ヤフオク(再出品),36250.0,4.67948717948718,,,39.0,35420.0,9519.0,9251.0,,,20562.0,,,,,,,,,,,,p_tools_wh36dd,https://paypayfleamarket.yahoo.co.jp/item/1245875294,,,https://paypayfleamarket.yahoo.co.jp/item/1245875294,,🟢 自白なし,,,,https://aucfree.com/search?q=HiKOKI+WH36DD,flea_candidates.csv,1812.5,2026-10-09T08:03,新品,新品,,,,
送料無料　未使用　ハイコーキ 充電式インパクトドライバ 最新モデル　WH36DD 36v 1,Yahoo!フリマ → ヤフオク,国内(現物),Yahoo!フリマ,17480.0,ヤフオク(再出品),36250.0,4.67948717948718,,,39.0,35420.0,9519.0,9251.0,,,20562.0,,,,,,,,,,,,p_tools_wh36dd,https://paypayfleamarket.yahoo.co.jp/item/e1245197642,,,https://paypayfleamarket.yahoo.co.jp/item/e1245197642,,🟢 自白なし,,,,https://aucfree.com/search?q=HiKOKI+WH36DD,flea_candidates.csv,1812.5,2026-10-06T18:03,新品,新品,,,,
送料無料　未使用　ハイコーキ コードレスインパクトドライバ レッド　HITACHI 日立工機,Yahoo!フリマ → ヤフオク,国内(現物),Yahoo!フリマ,17480.0,ヤフオク(再出品),36250.0,4.67948717948718,,,39.0,35420.0,9519.0,9251.0,,,20562.0,,,,,,,,,,,,p_tools_wh36dd,https://paypayfleamarket.yahoo.co.jp/item/u1239072699,,,https://paypayfleamarket.yahoo.co.jp/item/u1239072699,,🟢 自白なし,,,,https://aucfree.com/search?q=HiKOKI+WH36DD,flea_candidates.csv,1812.5,2026-10-04T19:03,新品,新品,,,,
送料無料　未使用　ハイコーキ コードレスインパクトドライバ レッド　HITACHI 日立工機,Yahoo!フリマ → ヤフオク,国内(現物),Yahoo!フリマ,17480.0,ヤフオク(再出品),36250.0,4.67948717948718,,,39.0,35420.0,9519.0,9251.0,,,20562.0,,,,,,,,,,,,p_tools_wh36dd,https://paypayfleamarket.yahoo.co.jp/item/c1245042794,,,https://paypayfleamarket.yahoo.co.jp/item/c1245042794,,🟢 自白なし,,,,https://aucfree.com/search?q=HiKOKI+WH36DD,flea_candidates.csv,1812.5,2026-09-25T19:03,新品,新品,,,,
送料無料　未使用　ハイコーキ 充電式インパクトドライバ 最新モデル　WH36DD 36v 1,Yahoo!フリマ → ヤフオク,国内(現物),Yahoo!フリマ,17480.0,ヤフオク(再出品),36250.0,4.67948717948718,,,39.0,35420.0,9519.0,9251.0,,,20562.0,,,,,,,,,,,,p_tools_wh36dd,https://paypayfleamarket.yahoo.co.jp/item/k1244529764,,,https://paypayfleamarket.yahoo.co.jp/item/k1244529764,,🟢 自白なし,,,,https://aucfree.com/search?q=HiKOKI+WH36DD,flea_candidates.csv,1812.5,2026-09-19T20:03,新品,新品,,,,
送料無料　未使用　ハイコーキ コードレスインパクトドライバ スパイダーイエロー　HITACH,Yahoo!フリマ → ヤフオク,国内(現物),Yahoo!フリマ,17480.0,ヤフオク(再出品),36250.0,4.67948717948718,,,39.0,35420.0,9519.0,9251.0,,,20562.0,,,,,,,,,,,,p_tools_wh36dd,https://paypayfleamarket.yahoo.co.jp/item/t1239650216,,,https://paypayfleamarket.yahoo.co.jp/item/t1239650216,,🟢 自白なし,,,,https://aucfree.com/search?q=HiKOKI+WH36DD,flea_candidates.csv,1812.5,2026-09-19T12:03,新品,新品,,,,
送料無料　未使用　ハイコーキ 充電式インパクトドライバ 最新モデル　WH36DD 36v 1,Yahoo!フリマ → ヤフオク,国内(現物),Yahoo!フリマ,17480.0,ヤフオク(再出品),36250.0,4.67948717948718,,,39.0,35420.0,9519.0,9251.0,,,20562.0,,,,,,,,,,,,p_tools_wh36dd,https://paypayfleamarket.yahoo.co.jp/item/r1242806090,,,https://paypayfleamarket.yahoo.co.jp/item/r1242806090,,🟢 自白なし,,,,https://aucfree.com/search?q=HiKOKI+WH36DD,flea_candidates.csv,1812.5,2026-09-14T14:03,新品,新品,,,,
送料無料　未使用　ハイコーキ 充電式インパクトドライバ 最新モデル　WH36DD 36v 1,Yahoo!フリマ → ヤフオク,国内(現物),Yahoo!フリマ,17480.0,ヤフオク(再出品),36250.0,4.67948717948718,,,39.0,35420.0,9519.0,9251.0,,,20562.0,,,,,,,,,,,,p_tools_wh36dd,https://paypayfleamarket.yahoo.co.jp/item/q1242027441,,,https://paypayfleamarket.yahoo.co.jp/item/q1242027441,,🟢 自白なし,,,,https://aucfree.com/search?q=HiKOKI+WH36DD,flea_candidates.csv,1812.5,2026-08-31T07:03,新品,新品,,,,
◆新品◆　HiKOKI コードレスインパクトドライバ WH36DD 36V アグレッシブグリ,Yahoo!フリマ → ヤフオク,国内(現物),Yahoo!フリマ,18000.0,ヤフオク(再出品),36250.0,4.67948717948718,,,39.0,35420.0,9519.0,8731.0,,,20562.0,,,,,,,,,,,,p_tools_wh36dd,https://paypayfleamarket.yahoo.co.jp/item/z667132214,,,https://paypayfleamarket.yahoo.co.jp/item/z667132214,,🟢 自白なし,,,,https://aucfree.com/search?q=HiKOKI+WH36DD,flea_candidates.csv,1812.5,2026-10-10T03:03,新品,新品,,,,
HiKOKI コードレスインパクトドライバ 36V WH36DD ストロングブラック,Yahoo!フリマ → ヤフオク,国内(現物),Yahoo!フリマ,18300.0,ヤフオク(再出品),36250.0,4.67948717948718,,,39.0,35420.0,9519.0,8431.0,,,20562.0,,,,,,,,,,,,p_tools_wh36dd,https://paypayfleamarket.yahoo.co.jp/item/z669031034,,,https://paypayfleamarket.yahoo.co.jp/item/z669031034,,🟢 自白なし,,,,https://aucfree.com/search?q=HiKOKI+WH36DD,flea_candidates.csv,1812.5,2026-10-10T03:03,新品,新品,,,,
HiKOKI コードレスインパクトドライバ WH36DD 36V ,Yahoo!フリマ → ヤフオク,国内(現物),Yahoo!フリマ,18300.0,ヤフオク(再出品),36250.0,4.67948717948718,,,39.0,35420.0,9519.0,8431.0,,,20562.0,,,,,,,,,,,,p_tools_wh36dd,https://paypayfleamarket.yahoo.co.jp/item/z667937550,,,https://paypayfleamarket.yahoo.co.jp/item/z667937550,,🟢 自白なし,,,,https://aucfree.com/search?q=HiKOKI+WH36DD,flea_candidates.csv,1812.5,2026-10-05T15:03,新品,新品,,,,
未使用品　HiKOKI インパクトドライバー WH36DD 本体ケース ,Yahoo!フリマ → ヤフオク,国内(現物),Yahoo!フリマ,18500.0,ヤフオク(再出品),36250.0,4.67948717948718,,,39.0,35420.0,9519.0,8231.0,,,20562.0,,,,,,,,,,,,p_tools_wh36dd,https://paypayfleamarket.yahoo.co.jp/item/z660707692,,,https://paypayfleamarket.yahoo.co.jp/item/z660707692,,🟢 自白なし,,,,https://aucfree.com/search?q=HiKOKI+WH36DD,flea_candidates.csv,1812.5,2026-10-10T03:03,新品,新品,,,,
未使用品　HiKOKI インパクトドライバー WH36DD 本体ケース,Yahoo!フリマ → ヤフオク,国内(現物),Yahoo!フリマ,18500.0,ヤフオク(再出品),36250.0,4.67948717948718,,,39.0,35420.0,9519.0,8231.0,,,20562.0,,,,,,,,,,,,p_tools_wh36dd,https://paypayfleamarket.yahoo.co.jp/item/z690406994,,,https://paypayfleamarket.yahoo.co.jp/item/z690406994,,🟢 自白なし,,,,https://aucfree.com/search?q=HiKOKI+WH36DD,flea_candidates.csv,1812.5,2026-10-08T20:03,新品,新品,,,,
HiKOKI コードレスインパクトドライバ WH36DDフォレストグリーン本体ケース,Yahoo!フリマ → ヤフオク,国内(現物),Yahoo!フリマ,18500.0,ヤフオク(再出品),36250.0,4.67948717948718,,,39.0,35420.0,9519.0,8231.0,,,20562.0,,,,,,,,,,,,p_tools_wh36dd,https://paypayfleamarket.yahoo.co.jp/item/z666527424,,,https://paypayfleamarket.yahoo.co.jp/item/z666527424,,🟢 自白なし,,,,https://aucfree.com/search?q=HiKOKI+WH36DD,flea_candidates.csv,1812.5,2026-08-27T22:03,新品,新品,,,,
◆新品◆　HiKOKI コードレスインパクトドライバ 36V WH36DD　ストロングブラッ,Yahoo!フリマ → ヤフオク,国内(現物),Yahoo!フリマ,18600.0,ヤフオク(再出品),36250.0,4.67948717948718,,,39.0,35420.0,9519.0,8131.0,,,20562.0,,,,,,,,,,,,p_tools_wh36dd,https://paypayfleamarket.yahoo.co.jp/item/z627651838,,,https://paypayfleamarket.yahoo.co.jp/item/z627651838,,🟢 自白なし,,,,https://aucfree.com/search?q=HiKOKI+WH36DD,flea_candidates.csv,1812.5,2026-10-10T03:03,新品,新品,,,,
BALMUDA The Toaster バルミューダ スチームトースター ブラック【K11A,Yahoo!フリマ → ヤフオク,国内(現物),Yahoo!フリマ,6500.0,ヤフオク(再出品),20300.0,7.934782608695652,,,23.0,11210.0,5770.0,8030.0,,,11177.0,,,,,,,,,,,,p_home_k11a,https://paypayfleamarket.yahoo.co.jp/item/z660728504,,,https://paypayfleamarket.yahoo.co.jp/item/z660728504,,🟢 自白なし,,,,https://aucfree.com/search?q=%E3%83%90%E3%83%AB%E3%83%9F%E3%83%A5%E3%83%BC%E3%83%80+K11A,flea_candidates.csv,1015.0,2026-10-10T03:03,中古,中古,,,,
HiKOKI コードレスインパクトドライバ WH36DD 36V ,Yahoo!フリマ → ヤフオク,国内(現物),Yahoo!フリマ,18900.0,ヤフオク(再出品),36250.0,4.67948717948718,,,39.0,35420.0,9519.0,7831.0,,,20562.0,,,,,,,,,,,,p_tools_wh36dd,https://paypayfleamarket.yahoo.co.jp/item/z685542638,,,https://paypayfleamarket.yahoo.co.jp/item/z685542638,,🟢 自白なし,,,,https://aucfree.com/search?q=HiKOKI+WH36DD,flea_candidates.csv,1812.5,2026-09-20T10:03,新品,新品,,,,
【完動品】MacBook Pro 13inch 2019 A2159 ロジックボード Int,Yahoo!フリマ → ヤフオク,国内(現物),Yahoo!フリマ,15980.0,ヤフオク(再出品),30000.0,2.225609756097561,,,82.0,25839.0,8050.0,5970.0,,,16885.0,,,,,,,,,,,,p_pc_a2159,https://paypayfleamarket.yahoo.co.jp/item/z641352412,,,https://paypayfleamarket.yahoo.co.jp/item/z641352412,,🟢 自白なし,,,,https://aucfree.com/search?q=MacBook+A2159,flea_candidates.csv,1500.0,2026-10-01T22:03,中古,中古,,,,
ダイワ　管280jD 20ルビアス LT3000S-CXH スプール,Yahoo!フリマ → ヤフオク,国内(現物),Yahoo!フリマ,4680.0,ヤフオク(再出品),14300.0,1.6898148148148149,,,108.0,9735.0,4360.0,5260.0,,,6940.0,,,,,,,,,,,,p_fishing_lt3000s,https://paypayfleamarket.yahoo.co.jp/item/k1242034998,,,https://paypayfleamarket.yahoo.co.jp/item/k1242034998,,🟢 自白なし,,,,https://aucfree.com/search?q=%E3%83%80%E3%82%A4%E3%83%AF+LT3000S,flea_candidates.csv,715.0,2026-10-10T03:03,中古,中古,,,,
Macbook Pro 2016-2017 A1706 13インチ,Yahoo!フリマ → ヤフオク,国内(現物),Yahoo!フリマ,10000.0,ヤフオク(再出品),20480.0,1.3224637681159421,,,138.0,18150.0,5813.0,4667.0,,,11282.0,,,,,,,,,,,,p_pc_a1706,https://paypayfleamarket.yahoo.co.jp/item/z476758206,,,https://paypayfleamarket.yahoo.co.jp/item/z476758206,,🟢 自白なし,,,,https://aucfree.com/search?q=MacBook+A1706,flea_candidates.csv,1024.0,2026-10-10T03:03,中古,中古,,,,
ダイワ　18イグジスト 管225HPR　LT3000S-C スプール,Yahoo!フリマ → ヤフオク,国内(現物),Yahoo!フリマ,6270.0,ヤフオク(再出品),14300.0,1.6898148148148149,,,108.0,9735.0,4360.0,3670.0,,,6940.0,,,,,,,,,,,,p_fishing_lt3000s,https://paypayfleamarket.yahoo.co.jp/item/s1244299292,,,https://paypayfleamarket.yahoo.co.jp/item/s1244299292,,🟢 自白なし,,,,https://aucfree.com/search?q=%E3%83%80%E3%82%A4%E3%83%AF+LT3000S,flea_candidates.csv,715.0,2026-10-10T03:03,中古,中古,,,,
Roland Juno-60 synthesizer,ヤフオク → Reverb US,輸出(Reverb),ヤフオク(落札p25),181000.0,Reverb 実売中央(14件),436951.2974999999,,,,,,95896.04691875004,160055.2505812499,,,311055.2505812499,,,14.0,13.0,,,,,,,,g_juno60,,,,https://auctions.yahoo.co.jp/search/search?p=JUNO-60&s1=end&o1=a,,,,,,https://reverb.com/marketplace?query=Roland+Juno-60+synthesizer,reverb_track.csv(live→soldに化けた玉のみ)× medians.csv,,,,,,,29.15,245900.0
Yamaha YAS-82Z alto saxophone,ヤフオク → Reverb US,輸出(Reverb),ヤフオク(落札p25),286100.0,Reverb 実売中央(2件),470062.5,,,,,,79283.28125000006,104679.21874999994,,,360779.21874999994,,,2.0,53.0,,,,,,,,g_yas82z,,,,https://auctions.yahoo.co.jp/search/search?p=YAS-82Z&s1=end&o1=a,,,,,,https://reverb.com/marketplace?query=Yamaha+YAS-82Z+alto+saxophone,reverb_track.csv(live→soldに化けた玉のみ)× medians.csv,,,,,,,8.5,304150.0
Yamaha YTS-82Z tenor saxophone,ヤフオク → Reverb US,輸出(Reverb),ヤフオク(落札p25),334433.0,Reverb 実売中央(1件),736557.69,,,,,,117593.89392499998,284530.79607499996,,,588963.796075,,,1.0,19.0,,,,,,,,g_yts82z,,,,https://auctions.yahoo.co.jp/search/search?p=YTS-82Z&s1=end&o1=a,,,,,,https://reverb.com/marketplace?query=Yamaha+YTS-82Z+tenor+saxophone,reverb_track.csv(live→soldに化けた玉のみ)× medians.csv,,,,,,,59.0,353100.0
Gibson Hummingbird acoustic guitar,ヤフオク → Reverb US,輸出(Reverb),ヤフオク(落札p25),235447.0,Reverb 実売中央(2件),392318.25,,,,,,71982.16812500003,84889.08187499997,,,290336.081875,,,2.0,46.0,,,,,,,,gibson_hummingbird,,,,https://auctions.yahoo.co.jp/search/search?p=Gibson+Hummingbird&s1=end&o1=a,,,,,,https://reverb.com/marketplace?query=Gibson+Hummingbird+acoustic+guitar,reverb_track.csv(live→soldに化けた玉のみ)× medians.csv,,,,,,,11.5,266008.0
Kemper Profiler Stage,ヤフオク → Reverb US,輸出(Reverb),ヤフオク(落札p25),126000.0,Reverb 実売中央(33件),160563.54,,,,,,32274.669049999997,2288.8709500000114,,,98288.87095000001,,,33.0,28.0,,,,,,,,kemper_stage,,,,https://auctions.yahoo.co.jp/search/search?p=Kemper+Profiler+Stage&s1=end&o1=a,,,,,,https://reverb.com/marketplace?query=Kemper+Profiler+Stage,reverb_track.csv(live→soldに化けた玉のみ)× medians.csv,,,,,,,5.8,132500.0
Martin 000-28 acoustic guitar,ヤフオク → Reverb US,輸出(Reverb),ヤフオク(落札p25),201410.0,Reverb 実売中央(11件),588598.365,,,,,,97989.28336250002,289199.08163749997,,,460609.08163749997,,,11.0,18.0,,,,,,,,martin_00028,,,,https://auctions.yahoo.co.jp/search/search?p=Martin+000-28&s1=end&o1=a,,,,,,https://reverb.com/marketplace?query=Martin+000-28+acoustic+guitar,reverb_track.csv(live→soldに化けた玉のみ)× medians.csv,,,,,,,26.1,245801.0
Muramatsu DS flute,ヤフオク → Reverb US,輸出(Reverb),ヤフオク(落札p25),416900.0,Reverb 実売中央(1件),1060372.71,,,,,,148499.38407500007,494973.3259249999,,,881873.3259249999,,,1.0,16.0,,,,,,,,mura_ds,,,,https://auctions.yahoo.co.jp/search/search?p=%E3%83%A0%E3%83%A9%E3%83%9E%E3%83%84+%E3%83%95%E3%83%AB%E3%83%BC%E3%83%88+DS&s1=end&o1=a,,,,,,https://reverb.com/marketplace?query=Muramatsu+DS+flute,reverb_track.csv(live→soldに化けた玉のみ)× medians.csv,,,,,,,10.7,681315.0
Selmer Super Action 80 Serie II alto saxophone,ヤフオク → Reverb US,輸出(Reverb),ヤフオク(落札p25),304700.0,Reverb 実売中央(4件),572250.0,,,,,,95823.12500000006,171726.87499999994,,,446426.87499999994,,,4.0,73.0,,,,,,,,selmer_sa80ii_a,,,,https://auctions.yahoo.co.jp/search/search?p=%E3%82%BB%E3%83%AB%E3%83%9E%E3%83%BC+SA80II+%E3%82%A2%E3%83%AB%E3%83%88%E3%82%B5%E3%83%83%E3%82%AF%E3%82%B9&s1=end&o1=a,,,,,,https://reverb.com/marketplace?query=Selmer+Super+Action+80+Serie+II+alto+saxophone,reverb_track.csv(live→soldに化けた玉のみ)× medians.csv,,,,,,,37.4,354316.0
Yamaha YAS-875EX alto saxophone,ヤフオク → Reverb US,輸出(Reverb),ヤフオク(落札p25),314600.0,Reverb 実売中央(3件),575520.0,,,,,,93256.40000000002,167663.59999999998,,,452263.6,,,3.0,46.0,,,,,,,,yas875ex,,,,https://auctions.yahoo.co.jp/search/search?p=YAS-875EX&s1=end&o1=a,,,,,,https://reverb.com/marketplace?query=Yamaha+YAS-875EX+alto+saxophone,reverb_track.csv(live→soldに化けた玉のみ)× medians.csv,,,,,,,24.8,333694.0
