auction_id,family,商品,いま買える,入札数,現在価格,max_bid,上限まで,想定純利,勝ち語,勝ち語の中身,欠陥,残り時間h,end_time,title,url,scanned_at,競り,段
p1242580640,w_p900,P900,○,0,27932,29300,1368,4368,8,光学クリア|動作確認済|美品|専門店,ジャンク|難あり|欠品,17.1,2026-10-04T22:18,Nikon COOLPIX P900 (20260815NOA3033383),https://page.auctions.yahoo.co.jp/jp/auction/p1242580640,2026-10-04T05:36:14,🤫 入札なし,🥶 欠陥あり
f1246347038,w_ilce6600m,ILCE-6600M,○,19,62700,92300,29600,32600,7,光学クリア|動作確認済|低使用|美品|返品保証|専門店|定型文長い(-3),カビ・くもり,17.4,2026-10-04T22:34,【動作確認済】 一眼カメラ SONY ソニー α6600 ILCE-6600M / E 18-135mm 数回のみ使用 美品 バッテリー2個付 / 80 (SGKY026669D),https://page.auctions.yahoo.co.jp/jp/auction/f1246347038,2026-10-04T05:36:23,🔥 競り中,🥶 欠陥あり
t1246664210,w_rf15,RF15,○,4,22949,37400,14451,17451,5,防湿庫|低使用,,15.1,2026-10-04T20:16,canon キヤノン RF15-30mm F4.5-6.3 IS STM,https://page.auctions.yahoo.co.jp/jp/auction/t1246664210,2026-10-04T05:35:53,🔥 競り中,🏆 実弾GO
v1246843973,w_rx100m3,RX100M3,○,15,13000,21200,8200,11200,5,光学クリア|完品,,17.5,2026-10-04T22:42,ソニー　SONY Cyber-shot DSC-RX100M3 《元箱付・付属品多数》#175I19J2X1,https://page.auctions.yahoo.co.jp/jp/auction/v1246843973,2026-10-04T05:36:32,🔥 競り中,🏆 実弾GO
k1244091882,w_rx100m2,RX100M2,○,0,30025,32000,1975,4975,5,光学クリア|動作確認済|美品|返品保証|専門店|定型文長い(-3),ジャンク|動作未確認|動作異常|不動・故障|部品取り|割れ・クラック|カビ・くもり,88.8,2026-10-07T22:00,実用品★ソニー SONY Cyber-shot DSC-RX100M2 #1372,https://page.auctions.yahoo.co.jp/jp/auction/k1244091882,2026-10-04T05:36:55,🤫 入札なし,🥶 欠陥あり
k1246658660,a7m3,ILCE-7M3,○,39,41500,55400,13900,16900,4,動作確認済|完品,,17.1,2026-10-04T22:17,1589 SONY α7Ⅲ ILCE-7M3 FE 28-70mm F3.5-5.6 OSS ミラーレス一眼カメラ ズームレンズキット 元箱付,https://page.auctions.yahoo.co.jp/jp/auction/k1246658660,2026-10-04T05:36:12,🔥 競り中,👍 買える
x1246536911,w_ax55,AX55,○,16,18100,32000,13900,16900,4,動作確認済|美品,,18.7,2026-10-04T23:50,★光学美品★ SONY Handycam FDR-AX55 ソニー デジタルビデオカメラ ＃3671,https://page.auctions.yahoo.co.jp/jp/auction/x1246536911,2026-10-04T05:36:41,🔥 競り中,👍 買える
o1246331584,w_selp18105g,SELP18105G,○,3,20800,28400,7600,10600,4,動作確認済|完品|返品保証|専門店,ジャンク|外装劣化|引取限定,66.7,2026-10-06T23:51,【埼玉発】SONY E PZ 18-105mm F4 G OSS SELP18105G Eマウント 動作品 元箱付,https://page.auctions.yahoo.co.jp/jp/auction/o1246331584,2026-10-04T05:36:48,🔥 競り中,🥶 欠陥あり
r1246925844,w_fz85,FZ85,○,0,14100,17600,3500,6500,4,光学クリア|返品保証,不動・故障,16.2,2026-10-04T21:22,★緊急特価品★LUMIX ルミックス DC-FZ85　#4580,https://page.auctions.yahoo.co.jp/jp/auction/r1246925844,2026-10-04T05:35:58,🤫 入札なし,🥶 欠陥あり
e1244420913,w_sal70200g2,SAL70200G2,○,0,98000,99500,1500,4500,4,光学クリア,欠品,17.7,2026-10-04T22:52,SONY 70-200mm F2.8 G SSM II SAL70200G2 ソニー αマウント交換レンズ ,https://page.auctions.yahoo.co.jp/jp/auction/e1244420913,2026-10-04T05:36:37,🤫 入札なし,🥶 欠陥あり
u1246198050,a7m3,ILCE-7M3,○,21,31350,55400,24050,27050,3,動作確認済|低使用|美品|返品保証|専門店|定型文長い(-3),難あり,17.5,2026-10-04T22:40,"SONY α7 III ILCE-7M3 ボディ 【中古 シャッター数66,300枚以下 大きな傷有り】 SONY フルサイズ ミラーレス デジタル一眼カメラ #S",https://page.auctions.yahoo.co.jp/jp/auction/u1246198050,2026-10-04T05:36:27,🔥 競り中,🥶 欠陥あり
r1246820744,w_rx100m3,RX100M3,○,17,12500,21200,8700,11700,3,動作確認済,動作未確認|カビ・くもり,18.8,2026-10-04T23:56,SONY ソニー Cyber-shot サイバーショット DSC-RX100M3 RX100III コンパクトデジタルカメラ #8,https://page.auctions.yahoo.co.jp/jp/auction/r1246820744,2026-10-04T05:36:43,🔥 競り中,🥶 欠陥あり
w1246817239,w_sel70350g,SEL70350G,○,2,51000,61700,10700,13700,2,低使用,,111.2,2026-10-08T20:23,SONY ソニー E 70-350mm F4.5-6.3 G OSS SEL70350G,https://page.auctions.yahoo.co.jp/jp/auction/w1246817239,2026-10-04T05:37:02,🔥 競り中,🤏 見送り
w1246852324,sel70200gm,SEL70200GM,○,1,100000,104000,4000,7000,2,低使用,,17.5,2026-10-04T22:41,SONY FE70-200mm F2.8 GM OSS　SEL70200GM,https://page.auctions.yahoo.co.jp/jp/auction/w1246852324,2026-10-04T05:36:30,🔥 競り中,🤏 見送り
r1246693455,w_rx100m5,RX100M5,○,19,24500,26600,2100,5100,2,美品|完品|返品保証,動作未確認|表示・液晶不良|割れ・クラック,17.4,2026-10-04T22:32,SONY サイバーショット DSC-RX100M5（RX100V）撮影基本動作確認済 元箱,https://page.auctions.yahoo.co.jp/jp/auction/r1246693455,2026-10-04T05:36:21,🔥 競り中,🥶 欠陥あり
f1246814039,z2470s28,NIKKOR Z 24-70 2.8,○,6,58300,131000,72700,75700,1,動作確認済|完品|返品保証|専門店|定型文長い(-3),レンズ内異物,136.0,2026-10-09T21:11,●○【元箱付】Nikon NIKKOR Z 24-70mm F2.8 S II カメラレンズ 標準 ズーム Zマウント ニコン○●036305001m○●,https://page.auctions.yahoo.co.jp/jp/auction/f1246814039,2026-10-04T05:37:04,🔥 競り中,🥶 欠陥あり
r1246137154,d850,ニコン D850,○,0,34800,70700,35900,38900,1,完品,欠品|引取限定,88.8,2026-10-07T22:00,NIKON.D850NIKON純正マルチパワーパックMBＤ18ほぼ新品（代理入札不可＆日本人限定）,https://page.auctions.yahoo.co.jp/jp/auction/r1246137154,2026-10-04T05:36:53,🤫 入札なし,🥶 欠陥あり
r1221185532,w_sel1635z,SEL1635Z,○,0,29100,38300,9200,12200,1,美品,ジャンク|難あり|レンズ内異物|カビ・くもり,17.4,2026-10-04T22:36,ソニー SONY ズームレンズ Vario-Tessar T* FE 16-35mm F4 ZA OSS Eマウント35mmフルサイズ対応 SEL1635Z,https://page.auctions.yahoo.co.jp/jp/auction/r1221185532,2026-10-04T05:36:25,🤫 入札なし,🥶 欠陥あり
r1246628468,w_sel100f28gm,SEL100F28GM,○,9,45500,49100,3600,6600,1,完品,動作未確認|カビ・くもり|腐食,86.9,2026-10-07T20:06,SONY FE100mm F2.8 STF GM OSS レンズ　SEL100F28GM α ソニー　箱有り　C_277,https://page.auctions.yahoo.co.jp/jp/auction/r1246628468,2026-10-04T05:36:50,🔥 競り中,🥶 欠陥あり
s1246244582,w_es045,ES045,○,14,9500,13010,3510,6510,1,完品,動作未確認,16.8,2026-10-04T21:59,Panasonic LUMIX LEICA DG MACRO-ELMARIT 45mm F2.8 ASPH. MEGA O.I.S. H-ES045 マクロレンズ 箱・説明書付,https://page.auctions.yahoo.co.jp/jp/auction/s1246244582,2026-10-04T05:36:05,🔥 競り中,🥶 欠陥あり
e1220401412,w_hx99,HX99,○,0,38400,41000,2600,5600,1,美品|返品保証,動作未確認|動作異常|不動・故障|欠品,16.3,2026-10-04T21:26,SONY Cyber-shot DSC-HX99 ブラック#2577,https://page.auctions.yahoo.co.jp/jp/auction/e1220401412,2026-10-04T05:36:00,🤫 入札なし,🥶 欠陥あり
q1245633158,w_rx10m4,RX10M4,○,1,50000,76100,26100,29100,0,,,90.7,2026-10-07T23:53,SONY Cyber-shot RX10IV DSC-RX10M4 本体 使用浅　美品,https://page.auctions.yahoo.co.jp/jp/auction/q1245633158,2026-10-04T05:36:59,🔥 競り中,🤏 見送り
k1246556315,w_sel200600g,SEL200600G,○,34,80850,103100,22250,25250,0,,カビ・くもり,89.6,2026-10-07T22:47,【1円】 ソニー SONY FE 200-600mm F5.6-6.3 G OSS SEL200600G 一眼カメラ用レンズ（オートフォーカス） 【中古】,https://page.auctions.yahoo.co.jp/jp/auction/k1246556315,2026-10-04T05:36:57,🔥 競り中,🥶 欠陥あり
n1246594697,w_rx100m5,RX100M5,○,33,13997,26600,12603,15603,0,,カビ・くもり,18.4,2026-10-04T23:34,SONY Cyber-shot RX100 V DSC-RX100M5 ソニー サイバーショット コンパクトデジタルカメラ ブラック,https://page.auctions.yahoo.co.jp/jp/auction/n1246594697,2026-10-04T05:36:39,🔥 競り中,🥶 欠陥あり
b1246532115,w_rx100m3,RX100M3,○,15,15500,21200,5700,8700,0,,動作未確認|部品取り|欠品,17.6,2026-10-04T22:48,SONY DSC RX100M3 ソニー RX100 III コンパクトデジタルカメラ Cyber-shot,https://page.auctions.yahoo.co.jp/jp/auction/b1246532115,2026-10-04T05:36:34,🔥 競り中,🥶 欠陥あり
c1246338093,w_rx100m2,RX100M2,○,26,26500,32000,5500,8500,0,,動作未確認,17.3,2026-10-04T22:25,SONY ソニー Cyber-shot DSC-RX100M2 デジタルスチルカメラ #091215,https://page.auctions.yahoo.co.jp/jp/auction/c1246338093,2026-10-04T05:36:18,🔥 競り中,🥶 欠陥あり
o1226889489,w_fz85,FZ85,○,0,15000,17600,2600,5600,0,,動作未確認,16.5,2026-10-04T21:40,H1432▽ Panasonic LUMIX DC-FZ85 60x OPTICAL ZOOM コンパクト デジタル カメラ パナソニック ルミックス デジカメ バッテリー付,https://page.auctions.yahoo.co.jp/jp/auction/o1226889489,2026-10-04T05:36:02,🤫 入札なし,🥶 欠陥あり
s1243956147,w_fz85,FZ85,○,0,15000,17600,2600,5600,0,返品保証,カビ・くもり,17.0,2026-10-04T22:07,パナソニック PANASONIC LUMIX DC-FZ85-K★　I0913＃5708,https://page.auctions.yahoo.co.jp/jp/auction/s1243956147,2026-10-04T05:36:09,🤫 入札なし,🥶 欠陥あり
t1246141231,w_es12060,ES12060,○,14,31350,33800,2450,5450,0,,カビ・くもり,17.2,2026-10-04T22:20,【1円】 パナソニック LEICA DG VARIO-ELMARIT 12-60mm F2.8-4.0 ASPH. H-ES12060 一眼カメラ用レンズ（オートフォーカス） 【中古】,https://page.auctions.yahoo.co.jp/jp/auction/t1246141231,2026-10-04T05:36:16,🔥 競り中,🥶 欠陥あり
e1217749890,w_sel90m28g,SEL90M28G,○,0,51800,51800,0,3000,0,返品保証,動作異常|カビ・くもり,40.7,2026-10-05T21:53,★Sony ソニー FE 90mm F2.8 Macro G OSS SEL90M28G★#H0042510054AZ,https://page.auctions.yahoo.co.jp/jp/auction/e1217749890,2026-10-04T05:36:46,🤫 入札なし,🥶 欠陥あり
f1246646147,w_sel2870,SEL2870,○,22,9600,11660,2060,5060,-1,美品|完品|定型文長い(-3),動作未確認|割れ・クラック,15.1,2026-10-04T20:16,【SONY/ソニー】申④302//SEL2870/FE 28-70mm F3.5-5.6 OSS/Eマウント,https://page.auctions.yahoo.co.jp/jp/auction/f1246646147,2026-10-04T05:35:56,🔥 競り中,🥶 欠陥あり
t1246247434,w_rx100m4,RX100M4,○,7,22550,41000,18450,21450,-3,返品保証|専門店|定型文長い(-3),ジャンク|動作未確認|不動・故障|欠品|引取限定,16.8,2026-10-04T22:00,【C】SONY DSC-RX100M4 コンパクトデジタルカメラ ソニー 3355394,https://page.auctions.yahoo.co.jp/jp/auction/t1246247434,2026-10-04T05:36:07,🔥 競り中,🥶 欠陥あり
n1232409956,w_sel2470z,SEL2470Z,監視,0,44300,35600,-8700,-5700,8,光学クリア|動作確認済|美品|返品保証,動作異常|不動・故障|カビ・くもり,16.2,2026-10-04T21:22,★良品★ ソニー SONY Vario-Tessar T* FE 24-70mm F4 ZA OSS SEL2470Z A05 ★★ #3427 #9250 #A34,https://page.auctions.yahoo.co.jp/jp/auction/n1232409956,2026-10-04T05:37:27,🤫 入札なし,👀 監視(買い線の外)
k1246776862,w_sel85f18,SEL85F18,監視,0,40040,34700,-5340,-2340,6,動作確認済|低使用|美品|返品保証|専門店,ジャンク|難あり|動作未確認|レンズ内異物|欠品,89.5,2026-10-07T22:42,◇【SONY ソニー】FE 85mm F1.8 SEL85F18 一眼カメラ用レンズ,https://page.auctions.yahoo.co.jp/jp/auction/k1246776862,2026-10-04T05:38:32,🤫 入札なし,👀 監視(買い線の外)
f1246655941,w_sel55f18z,SEL55F18Z,監視,106,45000,37400,-7600,-4600,6,光学クリア|美品|完品,動作未確認,16.7,2026-10-04T21:53,美品SONY Sonnar T* FE 55mm F1.8 ZA SEL55F18Z 単焦点レンズ,https://page.auctions.yahoo.co.jp/jp/auction/f1246655941,2026-10-04T05:37:45,🔥 競り中,👀 監視(買い線の外)
l1235564946,w_rx100m2,RX100M2,監視,0,39800,32000,-7800,-4800,5,光学クリア|完品,ジャンク,16.6,2026-10-04T21:46,★元箱あり★ SONY ソニー Cyber-shot RX100 Ⅱ DSC-RX100M2 取説 ストラップ等付,https://page.auctions.yahoo.co.jp/jp/auction/l1235564946,2026-10-04T05:37:36,🤫 入札なし,👀 監視(買い線の外)
h1244857181,w_sal1650,SAL1650,監視,0,10000,9590,-410,2590,4,動作確認済|美品,カビ・くもり|欠品,17.4,2026-10-04T22:31,ソニー SONY DT 16-50mm F2.8 SSM SAL1650 K&F製 Aマウント→Eマウントアダプター 付き F2.8通し ズームレンズ 動作確認済み #6334,https://page.auctions.yahoo.co.jp/jp/auction/h1244857181,2026-10-04T05:38:05,🤫 入札なし,👀 監視(買い線の外)
f1217185437,w_p900,P900,監視,0,30946,29300,-1646,1354,4,光学クリア|返品保証,不動・故障,16.6,2026-10-04T21:48,★緊急特価品★Nikon ニコン COOLPIX P900　　#3918,https://page.auctions.yahoo.co.jp/jp/auction/f1217185437,2026-10-04T05:37:40,🤫 入札なし,👀 監視(買い線の外)
o1246936354,w_fz85,FZ85,監視,0,20600,17600,-3000,0,4,光学クリア|返品保証|専門店,不動・故障,16.2,2026-10-04T21:19,★実用品★LUMIX ルミックス DC-FZ85　#4579,https://page.auctions.yahoo.co.jp/jp/auction/o1246936354,2026-10-04T05:37:24,🤫 入札なし,👀 監視(買い線の外)
q1246648293,w_es12060,ES12060,監視,19,40000,33800,-6200,-3200,4,防湿庫|美品,,90.1,2026-10-07T23:13,極美品！Panasonic LUMIX LEICA DG VARIO-ELMARIT 12-60mm F2.8-4.0 ASPH. POWER O.I.S. H-ES12060 マイクロフォーサーズ　送料無料！,https://page.auctions.yahoo.co.jp/jp/auction/q1246648293,2026-10-04T05:38:35,🔥 競り中,👀 監視(買い線の外)
w1245420129,w_sel85f18,SEL85F18,監視,0,41800,34700,-7100,-4100,4,動作確認済|完品|返品保証,カビ・くもり|欠品,32.0,2026-10-05T13:11,SONY FE 85mm F1.8 SEL85F18 ソニー 管SO10089,https://page.auctions.yahoo.co.jp/jp/auction/w1245420129,2026-10-04T05:38:23,🤫 入札なし,👀 監視(買い線の外)
x1244817564,w_sel20f28,SEL20F28,監視,0,17600,16340,-1260,1740,3,動作確認済|返品保証|専門店,レンズ内異物,114.3,2026-10-08T23:30,【b02】 ソニー SONY ミラーレス一眼カメラ用レンズ Eマウント E 20mm F2.8 SEL20F28,https://page.auctions.yahoo.co.jp/jp/auction/x1244817564,2026-10-04T05:38:37,🤫 入札なし,👀 監視(買い線の外)
v1246708607,w_sel1670z,SEL1670Z,監視,1,27000,24800,-2200,800,3,動作確認済,,17.6,2026-10-04T22:43, Vario-Tessar T* E 16-70mm F4 ZA OSS ソニー Eマウント用　SEL1670Z,https://page.auctions.yahoo.co.jp/jp/auction/v1246708607,2026-10-04T05:38:16,🔥 競り中,👀 監視(買い線の外)
m1229546967,w_rx100m2,RX100M2,監視,0,36800,32000,-4800,-1800,3,動作確認済,ジャンク,139.0,2026-10-10T00:10,コンパクトデジタルカメラ　SONY サイバーショット DSC-RX100M2 　　26040523,https://page.auctions.yahoo.co.jp/jp/auction/m1229546967,2026-10-04T05:38:44,🤫 入札なし,👀 監視(買い線の外)
h1246795871,w_ilce6300,ILCE-6300,監視,0,38500,31100,-7400,-4400,3,動作確認済|返品保証|専門店,,138.8,2026-10-09T23:58,【b02】 ソニー SONY ミラーレス一眼カメラ α6300 ILCE-6300 2016年発売,https://page.auctions.yahoo.co.jp/jp/auction/h1246795871,2026-10-04T05:38:41,🤫 入札なし,👀 監視(買い線の外)
w1242833043,w_sel1635z,SEL1635Z,監視,0,46800,38300,-8500,-5500,3,動作確認済|専門店,,166.0,2026-10-11T03:09,SONY Vario-Tessar T* FE 16-35mm F4 ZA OSS 広角ズームレンズ SEL1635Z ソニー,https://page.auctions.yahoo.co.jp/jp/auction/w1242833043,2026-10-04T05:38:46,🤫 入札なし,👀 監視(買い線の外)
f1246246862,afs70200fl,AF-S 70-200 FL,監視,0,110000,93200,-16800,-13800,3,動作確認済|返品保証|専門店,レンズ内異物|カビ・くもり,42.2,2026-10-05T23:24,【b02】ニコン Nikon 一眼レフカメラ用レンズ ニコンFマウント AF-S NIKKOR 70-200mm F2.8E FL ED VR ※三脚座社外品,https://page.auctions.yahoo.co.jp/jp/auction/f1246246862,2026-10-04T05:38:28,🤫 入札なし,👀 監視(買い線の外)
j1246537193,z2470s28,NIKKOR Z 24-70 2.8,監視,0,149501,131000,-18501,-15501,3,低使用|美品|専門店,ジャンク|動作未確認|不動・故障|部品取り|欠品,17.3,2026-10-04T22:31,【最速発送】Nikon NIKKOR Z 24-70mm f/2.8 S【難有】,https://page.auctions.yahoo.co.jp/jp/auction/j1246537193,2026-10-04T05:38:03,🤫 入札なし,👀 監視(買い線の外)
c1244818706,xt4,X-T4 ボディ,監視,0,109571,88700,-20871,-17871,3,動作確認済|専門店,動作未確認,16.0,2026-10-04T21:08,"FUJIFILM X-T4 ブラック 富士フイルム ミラーレス一眼 デジカメ ボディ 動作確認済み ショット数 28,950回未満",https://page.auctions.yahoo.co.jp/jp/auction/c1244818706,2026-10-04T05:37:18,🤫 入札なし,👀 監視(買い線の外)
x1225091869,w_selp18110g,SELP18110G,監視,0,185000,149000,-36000,-33000,3,動作確認済,,7.8,2026-10-04T12:58,SONY E PZ 18-110mm F4 G OSS SELP18110G #2604,https://page.auctions.yahoo.co.jp/jp/auction/x1225091869,2026-10-04T05:37:06,🤫 入札なし,👀 監視(買い線の外)
t1246518511,w_sel35f18,SEL35F18,監視,1,27500,22190,-5310,-2310,2,光学クリア|美品|返品保証|専門店|定型文長い(-3),動作異常,17.1,2026-10-04T22:14,SONY ソニー SEL35F18 E 35mm F1.8 OSS 0.3m/0.98ft Φ49 単焦点レンズ 中古 美品 Z11714129,https://page.auctions.yahoo.co.jp/jp/auction/t1246518511,2026-10-04T05:37:52,🔥 競り中,👀 監視(買い線の外)
o1246668449,w_gf90,GF90,監視,16,10050,9770,-280,2720,1,美品,,17.1,2026-10-04T22:17,【特上美品】Panasonic DC-GF90 ボディ ホワイト パナソニック #622,https://page.auctions.yahoo.co.jp/jp/auction/o1246668449,2026-10-04T05:38:01,🔥 競り中,👀 監視(買い線の外)
x1243318405,w_fz85,FZ85,監視,0,18000,17600,-400,2600,1,美品,動作未確認,41.4,2026-10-05T22:36,Panasonic パナソニック Lumix DMC-FZ85　　#98,https://page.auctions.yahoo.co.jp/jp/auction/x1243318405,2026-10-04T05:38:26,🤫 入札なし,👀 監視(買い線の外)
w1246411489,w_sal1650,SAL1650,監視,0,10800,9590,-1210,1790,1,美品|返品保証,カビ・くもり,16.0,2026-10-04T21:11,【3234】Sony ソニー SAL1650 DT16-50mm F2.8 SSM ズームレンズ,https://page.auctions.yahoo.co.jp/jp/auction/w1246411489,2026-10-04T05:37:20,🤫 入札なし,👀 監視(買い線の外)
m1221183734,w_b028n,B028N,監視,0,32100,30200,-1900,1100,1,美品|専門店,ジャンク|難あり|カビ・くもり,17.0,2026-10-04T22:09,TAMRON 高倍率ズームレンズ 18-400mm F3.5-6.3 DiII VC HLD ニコン用 APS-C専用 B028N,https://page.auctions.yahoo.co.jp/jp/auction/m1221183734,2026-10-04T05:37:49,🤫 入札なし,👀 監視(買い線の外)
p1221186205,w_ilce6600,ILCE-6600,監視,0,66000,62600,-3400,-400,1,美品,ジャンク|難あり|動作未確認|カビ・くもり,17.5,2026-10-04T22:42,ソニー SONY ミラーレス一眼 α6600 ボディ ブラック ILCE-6600,https://page.auctions.yahoo.co.jp/jp/auction/p1221186205,2026-10-04T05:38:14,🤫 入札なし,👀 監視(買い線の外)
v1241698100,w_fz85,FZ85,監視,0,21500,17600,-3900,-900,1,光学クリア|返品保証|専門店|定型文長い(-3),代理出品|不動・故障,16.1,2026-10-04T21:17,★良品★ パナソニック Panasonic LUMIX DC-FZ85 基本動作OK！ AU6328 #02541 #00552,https://page.auctions.yahoo.co.jp/jp/auction/v1241698100,2026-10-04T05:37:22,🤫 入札なし,👀 監視(買い線の外)
o1242519516,w_sal2470z,SAL2470Z,監視,0,37999,33800,-4199,-1199,1,動作確認済|美品|定型文長い(-3),ジャンク|難あり|表示・液晶不良|カビ・くもり,16.6,2026-10-04T21:44,#32【外観美品・プロテクター付】SONY ソニー Zeiss ツァイス Vario-Sonnar T* 24-70mm F2.8 ZA SSM SAL2470Z ,https://page.auctions.yahoo.co.jp/jp/auction/o1242519516,2026-10-04T05:37:33,🤫 入札なし,👀 監視(買い線の外)
r1246185660,w_sel2470z,SEL2470Z,監視,0,39800,35600,-4200,-1200,1,美品|返品保証,,17.1,2026-10-04T22:16,★美品！SONY ズームレンズ SEL2470Z Vario-Tessar T* FE 24-70mm F4 ZA OSS★YY94,https://page.auctions.yahoo.co.jp/jp/auction/r1246185660,2026-10-04T05:37:54,🤫 入札なし,👀 監視(買い線の外)
k1233061985,w_b028n,B028N,監視,0,36900,30200,-6700,-3700,1,美品,ジャンク|難あり|カビ・くもり,17.1,2026-10-04T22:17,TAMRON 18-400mm F3.5-6.3 DiII VC HLD B028N APS-C専用 〔NIKON F マウント〕,https://page.auctions.yahoo.co.jp/jp/auction/k1233061985,2026-10-04T05:37:58,🤫 入札なし,👀 監視(買い線の外)
h1243118044,w_sel70300g,SEL70300G,監視,0,79600,64400,-15200,-12200,1,美品,ジャンク|難あり|動作異常|カビ・くもり,17.5,2026-10-04T22:42,SONY FE 70-300mm F4.5-5.6 G OSS SEL70300G フルサイズ対応 〔SONY E マウント〕,https://page.auctions.yahoo.co.jp/jp/auction/h1243118044,2026-10-04T05:38:12,🤫 入札なし,👀 監視(買い線の外)
s1243189729,w_sal1650,SAL1650,監視,0,9800,9590,-210,2790,0,返品保証,カビ・くもり,16.6,2026-10-04T21:43,ソニー SONY DT 16-50mm F2.8 SSM SAL1650 #5757W0833,https://page.auctions.yahoo.co.jp/jp/auction/s1243189729,2026-10-04T05:37:31,🤫 入札なし,👀 監視(買い線の外)
c1215247173,w_rx100m4,RX100M4,監視,0,42800,41000,-1800,1200,0,,ジャンク|動作未確認,16.6,2026-10-04T21:47,SONY ソニー Cyber-shot RX100Ⅳ DSC-RX100M4,https://page.auctions.yahoo.co.jp/jp/auction/c1215247173,2026-10-04T05:37:38,🤫 入札なし,👀 監視(買い線の外)
f1246407972,w_es12060,ES12060,監視,30,39050,33800,-5250,-2250,0,,レンズ内異物|カビ・くもり,65.0,2026-10-06T22:10,【1円】 LEICA DG VARIO-ELMARIT 12-60mm F2.8-4.0 ASPH. POWER O.I.S. H-ES12060 一眼カメラ用レンズ（オートフォーカス） 【中古】,https://page.auctions.yahoo.co.jp/jp/auction/f1246407972,2026-10-04T05:38:30,🔥 競り中,👀 監視(買い線の外)
g1243531439,w_sel85f18,SEL85F18,監視,0,40900,34700,-6200,-3200,0,返品保証,不動・故障|カビ・くもり,17.6,2026-10-04T22:47,★良品★ SONY ソニー FE 85mm F1.8 SEL85F18 #K1133,https://page.auctions.yahoo.co.jp/jp/auction/g1243531439,2026-10-04T05:38:19,🤫 入札なし,👀 監視(買い線の外)
q1238403040,w_rx100m4,RX100M4,監視,0,47800,41000,-6800,-3800,0,返品保証,レンズ内異物|不動・故障,17.6,2026-10-04T22:48,★ソニー SONY Cyber-shot DSC-RX100M4 IV コンパクトデジタルカメラ ブラック★　Y1792＃39,https://page.auctions.yahoo.co.jp/jp/auction/q1238403040,2026-10-04T05:38:21,🤫 入札なし,👀 監視(買い線の外)
j1223941850,w_sel1635z,SEL1635Z,監視,0,45500,38300,-7200,-4200,0,専門店,,16.6,2026-10-04T21:48,■美品■ SONY 広角ズームレンズ フルサイズ Vario-Tessar T* FE 16-35mm F4 ZA OSS カメラα[Eマウント] 純正レンズ SEL1635Z No.C03881,https://page.auctions.yahoo.co.jp/jp/auction/j1223941850,2026-10-04T05:37:43,🤫 入札なし,👀 監視(買い線の外)
t1198451645,w_sal70200g,SAL70200G,監視,0,64800,54500,-10300,-7300,0,,カビ・くもり,17.5,2026-10-04T22:40,SONY 70-200mm F2.8 G SAL70200G ソニー #520,https://page.auctions.yahoo.co.jp/jp/auction/t1198451645,2026-10-04T05:38:07,🤫 入札なし,👀 監視(買い線の外)
t1242046736,w_rs100400,RS100400,監視,0,78000,63500,-14500,-11500,0,,ジャンク|部品取り|カビ・くもり|要修理・要調整,16.3,2026-10-04T21:30,Panasonic パナソニック LEICA DG VARIO-ELMAR 100-400mm F4.0-6.3 ASPH POWER O.I.S. H-RS100400 三脚座 FRキャップ付,https://page.auctions.yahoo.co.jp/jp/auction/t1242046736,2026-10-04T05:37:29,🤫 入札なし,👀 監視(買い線の外)
b1246137520,w_sel2470gm2,SEL2470GM2,監視,22,199100,161600,-37500,-34500,0,,カビ・くもり,17.5,2026-10-04T22:41,【1円】 ソニー SONY FE 24-70mm F2.8 GM II SEL2470GM2 一眼カメラ用レンズ（オートフォーカス） 【中古】,https://page.auctions.yahoo.co.jp/jp/auction/b1246137520,2026-10-04T05:38:10,🔥 競り中,👀 監視(買い線の外)
u1246644135,w_sel2470gm2,SEL2470GM2,監視,0,200000,161600,-38400,-35400,0,返品保証|専門店,レンズ内異物|カビ・くもり,114.7,2026-10-08T23:54,NA420681 ソニー Eマウント用レンズ FE 24-70mm F2.8 GM II SEL2470GM2 sony 中古・美品,https://page.auctions.yahoo.co.jp/jp/auction/u1246644135,2026-10-04T05:38:39,🤫 入札なし,👀 監視(買い線の外)
t1246657610,w_sal1635z,SAL1635Z,監視,17,28000,25700,-2300,700,-1,美品|完品|定型文長い(-3),動作未確認|割れ・クラック,15.5,2026-10-04T20:38,【CARL ZEISS/SONY】申④301//SAL1635Z/Vario-Sonnar T* 16-35mm F2.8 ZA SSM/デッドストック,https://page.auctions.yahoo.co.jp/jp/auction/t1246657610,2026-10-04T05:37:13,🔥 競り中,👀 監視(買い線の外)
t1246654524,w_sal35f14g,SAL35F14G,監視,45,21000,18500,-2500,500,-1,美品|完品|定型文長い(-3),動作未確認|割れ・クラック,15.5,2026-10-04T20:41,【SONY/ソニー】申④293//1.4/35mm Gマウント/SAL35F14G,https://page.auctions.yahoo.co.jp/jp/auction/t1246654524,2026-10-04T05:37:15,🔥 競り中,👀 監視(買い線の外)
w1246605577,w_sel2870,SEL2870,監視,0,14300,11660,-2640,360,-2,美品|返品保証|専門店|定型文長い(-3),ジャンク|難あり|動作未確認|部品取り,17.1,2026-10-04T22:16,SONY/ソニー 標準ズームレンズ▲FE 28-70mm F3.5-5.6 OSS (SEL2870) 中古▲送料無料,https://page.auctions.yahoo.co.jp/jp/auction/w1246605577,2026-10-04T05:37:56,🤫 入札なし,👀 監視(買い線の外)
x1246601806,w_sel1635z,SEL1635Z,監視,0,45100,38300,-6800,-3800,-2,美品|返品保証|専門店|定型文長い(-3),ジャンク|難あり|動作未確認|部品取り,16.9,2026-10-04T22:02,SONY/ソニー 広角ズームレンズ▲Vario-Tessar T FE 16-35mm F4 ZA OSS (SEL1635Z) 中古▲送料無料,https://page.auctions.yahoo.co.jp/jp/auction/x1246601806,2026-10-04T05:37:47,🤫 入札なし,👀 監視(買い線の外)
r1243766491,w_rsa100400,RSA100400,監視,0,124800,102200,-22600,-19600,-2,完品|返品保証|定型文長い(-3),ジャンク|難あり|動作未確認|カビ・くもり,15.1,2026-10-04T20:17,★良品★ パナソニック Panasonic LEICA DG VARIO-ELMAR 100-400mm F4.0-6.3 II POWER O.I.S H-RSA100400　　18-28-2#088#8546,https://page.auctions.yahoo.co.jp/jp/auction/r1243766491,2026-10-04T05:37:11,🤫 入札なし,👀 監視(買い線の外)
c1246444724,w_so54c,SO-54C,監視,3,14510,12200,-2310,690,-3,専門店|定型文長い(-3),動作未確認|部品取り|欠品|引取限定,14.6,2026-10-04T19:47,H2909*10　簡易動作OK　SONY　ソニー　Xperia 5 IV　エクスペリア　SO-54C　128GB　Android　スマートフォン　本体　グリーン,https://page.auctions.yahoo.co.jp/jp/auction/c1246444724,2026-10-04T05:37:08,🔥 競り中,👀 監視(買い線の外)
