family,商品,query,買取,sub_category,master_title,検品n,生存,生存粗利中央,粗利中央_全,シグナル,紙上勝,紙上負,紙上純利,稼働中,流動性180d,落札中央,生ヒット,niche,ニッチ,出口,生存率,期待粗利180d,等級,根拠,判定,上限入札,_ord
w_sal70200g2,70-200/2.8 G SSM II SAL70200G2,SAL70200G2,115000,,70-200/2.8 G SSM II SAL70200G2,2,1,13500.0,8000.0,2,0,1,0.0,0,4,115000.0,23,camera,カメラ,ヤフオク → キタムラ/フジヤ買取,0.5,13500.0,A,"検品を1/2件が通過し、180日で¥13,500の見込み",🟢 実弾GO,99500.0,0
w_xf56mm,XF56mm F1.2 R WR,XF56MM,77000,,XF56mm F1.2 R WR,9,1,11500.0,15500.0,4,0,0,0.0,0,12,62900.0,62,camera,カメラ,ヤフオク → キタムラ/フジヤ買取,0.1111111111111111,11500.0,A,"検品を1/9件が通過し、180日で¥11,500の見込み",🟢 実弾GO,65300.0,0
w_sel1224g,FE 12-24/4 G SEL1224G,SEL1224G,119000,,FE 12-24/4 G SEL1224G,2,1,11100.0,16100.0,0,0,0,,0,24,130224.5,30,camera,カメラ,ヤフオク → キタムラ/フジヤ買取,0.5,11100.0,A,"検品を1/2件が通過し、180日で¥11,100の見込み",🟢 実弾GO,103100.0,0
w_sel18200le,E 18-200/3.5-6.3 OSS LE SEL18200LE,SEL18200LE,36000,,E 18-200/3.5-6.3 OSS LE SEL18200LE,32,4,2350.0,6545.5,0,0,0,,0,31,25500.0,72,camera,カメラ,ヤフオク → キタムラ/フジヤ買取,0.125,9400.0,B,"検品は4/32件通ったが180日で¥9,400。手間に合わん",🟡 薄い,28400.0,1
w_sel2470z,Vario-Tessar T* FE 24-70/4 ZA OSS SEL2470Z,SEL2470Z,44000,,Vario-Tessar T* FE 24-70/4 ZA OSS SEL2470Z,16,5,1750.0,1750.0,0,0,0,,0,65,45410.0,90,camera,カメラ,ヤフオク → キタムラ/フジヤ買取,0.3125,8750.0,B,"検品は5/16件通ったが180日で¥8,750。手間に合わん",🟡 薄い,35600.0,1
w_sog09,Xperia5 IV SOG09,SOG09,18000,,Xperia5 IV SOG09,1,1,6910.0,6910.0,0,0,0,,0,12,21440.0,65,camera,カメラ,ヤフオク → キタムラ/フジヤ買取,1.0,6910.0,B,"検品は1/1件通ったが180日で¥6,910。手間に合わん",🟡 薄い,12200.0,1
w_ns043,LEICA DG NOCTICRON 42.5/1.2 ASPH./POWER O.I.S. (H-NS043),NS043,71000,,LEICA DG NOCTICRON 42.5/1.2 ASPH./POWER O.I.S. (H-NS043),2,1,6900.0,2400.0,0,0,0,,0,8,91462.5,24,camera,カメラ,ヤフオク → キタムラ/フジヤ買取,0.5,6900.0,B,"検品は1/2件通ったが180日で¥6,900。手間に合わん",🟡 薄い,59900.0,1
w_gl690,GL690 プロ (100/3.5),GL690,17100,,GL690 プロ (100/3.5),2,1,6140.0,3885.0,0,0,0,,0,9,62700.0,81,camera,カメラ,ヤフオク → キタムラ/フジヤ買取,0.5,6140.0,B,"検品は1/2件通ったが180日で¥6,140。手間に合わん",🟡 薄い,11390.0,1
w_g617,G617プロ パノラマ,G617,70700,,G617プロ パノラマ,1,1,6130.0,6130.0,0,0,0,,0,2,285751.5,37,camera,カメラ,ヤフオク → キタムラ/フジヤ買取,1.0,6130.0,B,"検品は1/1件通ったが180日で¥6,130。手間に合わん",🟡 薄い,59630.0,1
w_fs100300,LUMIX G VARIO 100-300/4.0-5.6 MEGA O.I.S. (H-FS100300),FS100300,36000,,LUMIX G VARIO 100-300/4.0-5.6 MEGA O.I.S. (H-FS100300),3,1,6050.0,6050.0,0,0,0,,0,19,35409.0,43,camera,カメラ,ヤフオク → キタムラ/フジヤ買取,0.3333333333333333,6050.0,B,"検品は1/3件通ったが180日で¥6,050。手間に合わん",🟡 薄い,28400.0,1
w_wx990m,HC-WX990M-K (ブラック),WX990M,25300,,HC-WX990M-K (ブラック),2,1,5270.0,4519.5,0,0,0,,0,17,36300.0,31,camera,カメラ,ヤフオク → キタムラ/フジヤ買取,0.5,5270.0,B,"検品は1/2件通ったが180日で¥5,270。手間に合わん",🟡 薄い,18770.0,1
w_a204so,Xperia5 IV A204SO,A204SO,18000,,Xperia5 IV A204SO,5,1,5200.0,4400.0,0,0,0,,0,22,21849.5,118,camera,カメラ,ヤフオク → キタムラ/フジヤ買取,0.2,5200.0,B,"検品は1/5件通ったが180日で¥5,200。手間に合わん",🟡 薄い,12200.0,1
w_p900,COOLPIX P900【1605万画素】,P900,37000,,COOLPIX P900【1605万画素】,6,2,2598.5,4035.0,0,0,0,,0,32,40906.0,149,camera,カメラ,ヤフオク → キタムラ/フジヤ買取,0.3333333333333333,5197.0,B,"検品は2/6件通ったが180日で¥5,197。手間に合わん",🟡 薄い,29300.0,1
w_fs12060,LUMIX G VARIO 12-60/3.5-5.6 ASPH./POWER O.I.S (H-FS12060),FS12060,23400,,LUMIX G VARIO 12-60/3.5-5.6 ASPH./POWER O.I.S (H-FS12060),2,1,5060.0,5230.0,0,0,0,,0,27,24090.0,52,camera,カメラ,ヤフオク → キタムラ/フジヤ買取,0.5,5060.0,B,"検品は1/2件通ったが180日で¥5,060。手間に合わん",🟡 薄い,17060.0,1
w_hx90v,DSC-HX90V ブラック 【1820万画素】,HX90V,25000,,DSC-HX90V ブラック 【1820万画素】,3,1,4778.0,4778.0,0,0,0,,0,75,39270.0,143,camera,カメラ,ヤフオク → キタムラ/フジヤ買取,0.3333333333333333,4778.0,B,"検品は1/3件通ったが180日で¥4,778。手間に合わん",🟡 薄い,18500.0,1
w_ilca77m2,α77II ボディ ILCA-77M2【2430万画素】,ILCA-77M2,33000,,α77II ボディ ILCA-77M2【2430万画素】,6,1,4701.0,3200.5,0,0,0,,0,41,56500.0,66,camera,カメラ,ヤフオク → キタムラ/フジヤ買取,0.16666666666666666,4701.0,B,"検品は1/6件通ったが180日で¥4,701。手間に合わん",🟡 薄い,25700.0,1
w_sel2470gm2,FE 24-70mm F2.8 GM II [SEL2470GM2],SEL2470GM2,184000,,FE 24-70mm F2.8 GM II [SEL2470GM2],3,1,4600.0,4600.0,0,0,0,,0,0,,0,camera,カメラ,ヤフオク → キタムラ/フジヤ買取,0.3333333333333333,4600.0,B,"検品は1/3件通ったが180日で¥4,600。手間に合わん",🟡 薄い,161600.0,1
w_rx100m4,DSC-RX100M4 【2010万画素】,RX100M4,50000,,DSC-RX100M4 【2010万画素】,10,2,2249.5,5000.0,0,0,0,,0,37,62000.0,99,camera,カメラ,ヤフオク → キタムラ/フジヤ買取,0.2,4499.0,B,"検品は2/10件通ったが180日で¥4,499。手間に合わん",🟡 薄い,41000.0,1
w_hs12035,LUMIX G X VARIO 12-35/2.8 ASPH./POWER O.I.S. (H-HS12035),HS12035,36000,,LUMIX G X VARIO 12-35/2.8 ASPH./POWER O.I.S. (H-HS12035),2,1,4400.0,3650.0,0,0,0,,0,13,38800.0,20,camera,カメラ,ヤフオク → キタムラ/フジヤ買取,0.5,4400.0,B,"検品は1/2件通ったが180日で¥4,400。手間に合わん",🟡 薄い,28400.0,1
w_sel24f18z,Sonnar T* E 24/1.8 ZA SEL24F18Z,SEL24F18Z,26200,,Sonnar T* E 24/1.8 ZA SEL24F18Z,2,1,4009.0,4494.0,0,0,0,,0,32,34138.5,58,camera,カメラ,ヤフオク → キタムラ/フジヤ買取,0.5,4009.0,B,"検品は1/2件通ったが180日で¥4,009。手間に合わん",🟡 薄い,19580.0,1
w_sel1635z,Vario-Tessar T* FE 16-35/4 ZA OSS SEL1635Z,SEL1635Z,47000,,Vario-Tessar T* FE 16-35/4 ZA OSS SEL1635Z,10,3,1300.0,373.0,0,0,0,,0,51,51000.0,68,camera,カメラ,ヤフオク → キタムラ/フジヤ買取,0.3,3900.0,B,"検品は3/10件通ったが180日で¥3,900。手間に合わん",🟡 薄い,38300.0,1
w_wx800,DSC-WX800【1820万画素】,WX800,26000,,DSC-WX800【1820万画素】,2,1,3900.0,3300.0,0,0,0,,0,24,43704.5,149,camera,カメラ,ヤフオク → キタムラ/フジヤ買取,0.5,3900.0,B,"検品は1/2件通ったが180日で¥3,900。手間に合わん",🟡 薄い,19400.0,1
w_b005e,SP AF 17-50/2.8 XR DiIIキヤノン VC (B005E),B005E,15900,,SP AF 17-50/2.8 XR DiIIキヤノン VC (B005E),3,1,3810.0,3810.0,0,0,0,,0,5,10373.0,79,camera,カメラ,ヤフオク → キタムラ/フジヤ買取,0.3333333333333333,3810.0,B,"検品は1/3件通ったが180日で¥3,810。手間に合わん",🟡 薄い,10310.0,1
w_sel2870,FE 28-70/3.5-5.6 OSS SEL2870,SEL2870,17400,,FE 28-70/3.5-5.6 OSS SEL2870,2,1,3660.0,2910.0,0,0,0,,0,77,17199.0,140,camera,カメラ,ヤフオク → キタムラ/フジヤ買取,0.5,3660.0,B,"検品は1/2件通ったが180日で¥3,660。手間に合わん",🟡 薄い,11660.0,1
w_ilca77m2q,α77II ズームキット ILCA-77M2Q【2430万画素】,ILCA-77M2Q,49000,,α77II ズームキット ILCA-77M2Q【2430万画素】,1,1,3300.0,3300.0,0,0,0,,0,1,39800.0,2,camera,カメラ,ヤフオク → キタムラ/フジヤ買取,1.0,3300.0,B,"検品は1/1件通ったが180日で¥3,300。手間に合わん",🟡 薄い,40100.0,1
w_fsa14140,LUMIX G VARIO 14-140/3.5-5.6 II O.I.S. [H-FSA14140] ブラック,FSA14140,40000,,LUMIX G VARIO 14-140/3.5-5.6 II O.I.S. [H-FSA14140] ブラック,2,1,2999.0,2099.5,0,0,0,,0,18,46900.0,26,camera,カメラ,ヤフオク → キタムラ/フジヤ買取,0.5,2999.0,B,"検品は1/2件通ったが180日で¥2,999。手間に合わん",🟡 薄い,32000.0,1
w_rx100m5,DSC-RX100M5【2010万画素】,RX100M5,34000,,DSC-RX100M5【2010万画素】,2,1,2934.0,3767.0,0,0,0,,0,23,83010.0,45,camera,カメラ,ヤフオク → キタムラ/フジヤ買取,0.5,2934.0,B,"検品は1/2件通ったが180日で¥2,934。手間に合わん",🟡 薄い,26600.0,1
w_sel20tc,2X Teleconverter SEL20TC,SEL20TC,41000,,2X Teleconverter SEL20TC,1,1,2900.0,2900.0,0,0,0,,0,23,59800.0,65,camera,カメラ,ヤフオク → キタムラ/フジヤ買取,1.0,2900.0,B,"検品は1/1件通ったが180日で¥2,900。手間に合わん",🟡 薄い,32900.0,1
w_a99v,α99 ボディ SLT-A99V【2430万画素】,A99V,67000,,α99 ボディ SLT-A99V【2430万画素】,22,2,1400.0,6775.0,2,0,1,0.0,1,33,57580.0,93,camera,カメラ,ヤフオク → キタムラ/フジヤ買取,0.09090909090909091,2800.0,B,"検品は2/22件通ったが180日で¥2,800。手間に合わん",🟡 薄い,56300.0,1
w_rx100m7,DSC-RX100M7【2010万画素】,RX100M7,106000,,DSC-RX100M7【2010万画素】,6,2,1149.5,5240.0,2,0,2,0.0,0,88,131404.5,216,camera,カメラ,ヤフオク → キタムラ/フジヤ買取,0.3333333333333333,2299.0,B,"検品は2/6件通ったが180日で¥2,299。手間に合わん",🟡 薄い,91400.0,1
w_fz85,DC-FZ85-K ブラック【1810万画素】,FZ85,24000,,DC-FZ85-K ブラック【1810万画素】,16,3,700.0,2594.5,0,0,0,,0,59,24100.0,110,camera,カメラ,ヤフオク → キタムラ/フジヤ買取,0.1875,2100.0,B,"検品は3/16件通ったが180日で¥2,100。手間に合わん",🟡 薄い,17600.0,1
w_xf23mmf1,XF23mmF1.4 R LM WR,XF23MMF1,59000,,XF23mmF1.4 R LM WR,4,1,2085.0,2592.5,2,1,0,4100.0,0,9,60500.0,21,camera,カメラ,ヤフオク → キタムラ/フジヤ買取,0.25,2085.0,B,"検品は1/4件通ったが180日で¥2,085。手間に合わん",🟡 薄い,49100.0,1
w_sal1650,DT 16-50/2.8 SSM SAL1650,SAL1650,15100,,DT 16-50/2.8 SSM SAL1650,10,1,1540.0,3490.0,0,0,0,,0,38,15050.0,62,camera,カメラ,ヤフオク → キタムラ/フジヤ買取,0.1,1540.0,B,"検品は1/10件通ったが180日で¥1,540。手間に合わん",🟡 薄い,9590.0,1
w_sel18200,E 18-200/3.5-6.3 OSS SEL18200,SEL18200,26100,,E 18-200/3.5-6.3 OSS SEL18200,16,1,528.0,2662.5,0,0,0,,0,39,23600.0,80,camera,カメラ,ヤフオク → キタムラ/フジヤ買取,0.0625,528.0,B,検品は1/16件通ったが180日で¥528。手間に合わん,🟡 薄い,19490.0,1
w_vx990m,HC-VX990M-W ホワイト,VX990M,28200,,HC-VX990M-W ホワイト,3,1,480.0,1771.0,0,0,0,,0,20,35000.0,24,camera,カメラ,ヤフオク → キタムラ/フジヤ買取,0.3333333333333333,480.0,B,検品は1/3件通ったが180日で¥480。手間に合わん,🟡 薄い,21380.0,1
w_rx10m3,DSC-RX10M3【2010万画素】,RX10M3,79000,,DSC-RX10M3【2010万画素】,5,1,200.0,1120.0,0,0,0,,0,24,97150.0,138,camera,カメラ,ヤフオク → キタムラ/フジヤ買取,0.2,200.0,B,検品は1/5件通ったが180日で¥200。手間に合わん,🟡 薄い,67100.0,1
w_rx100m7g,DSC-RX100M7G【2010万画素】,RX100M7G,106778,,DSC-RX100M7G【2010万画素】,1,1,-2900.0,-2900.0,0,0,0,,0,1,140000.0,138,camera,カメラ,ヤフオク → キタムラ/フジヤ買取,1.0,0.0,B,検品は1/1件通ったが180日で¥0。手間に合わん,🟡 薄い,92100.0,1
w_sel70300g,FE 70-300/4.5-5.6 G OSS SEL70300G,SEL70300G,76000,,FE 70-300/4.5-5.6 G OSS SEL70300G,1,1,-3600.0,-3600.0,0,0,0,,0,26,83127.0,43,camera,カメラ,ヤフオク → キタムラ/フジヤ買取,1.0,0.0,B,検品は1/1件通ったが180日で¥0。手間に合わん,🟡 薄い,64400.0,1
w_sel85f18,FE 85/1.8 SEL85F18,SEL85F18,43000,,FE 85/1.8 SEL85F18,7,1,-609.0,-466.0,0,0,0,,0,3,44550.0,5,camera,カメラ,ヤフオク → キタムラ/フジヤ買取,0.14285714285714285,0.0,B,検品は1/7件通ったが180日で¥0。手間に合わん,🟡 薄い,34700.0,1
w_sel90m28g,FE 90/2.8 Macro G OSS SEL90M28G,SEL90M28G,62000,,FE 90/2.8 Macro G OSS SEL90M28G,4,1,-1200.0,3500.0,0,0,0,,0,53,70000.0,87,camera,カメラ,ヤフオク → キタムラ/フジヤ買取,0.25,0.0,B,検品は1/4件通ったが180日で¥0。手間に合わん,🟡 薄い,51800.0,1
w_vg30h,NEX-VG30H (E18-200付),VG30H,63000,,NEX-VG30H (E18-200付),1,1,-1433.0,-1433.0,0,0,0,,0,3,61099.0,72,camera,カメラ,ヤフオク → キタムラ/フジヤ買取,1.0,0.0,B,検品は1/1件通ったが180日で¥0。手間に合わん,🟡 薄い,52700.0,1
jc120g,ROLAND JC-120 ジャズコーラス,ROLAND JC-120 ジャズコーラス,37000,コンボアンプ,,9,2,-2375.0,2290.0,0,0,0,,0,28,38115.0,52,gakki,楽器,ヤフオク → イシバシ/島村買取,0.2222222222222222,0.0,B,検品は2/9件通ったが180日で¥0。手間に合わん,🟡 薄い,28300.0,1
martin_00028,Martin 000-28,Martin 000-28,235000,フラットトップ,,5,2,-6748.5,-15140.0,3,0,2,0.0,0,13,248600.0,62,gakki,楽器,ヤフオク → イシバシ/島村買取,0.4,0.0,B,検品は2/5件通ったが180日で¥0。手間に合わん,🟡 薄い,206500.0,1
martin_d28,Martin D-28,Martin D-28,180000,フラットトップ,,10,1,-9500.0,-5850.0,5,0,3,0.0,2,87,230000.0,199,gakki,楽器,ヤフオク → イシバシ/島村買取,0.1,0.0,B,検品は1/10件通ったが180日で¥0。手間に合わん,🟡 薄い,157000.0,1
mm_stingray5,Music Man StingRay 5,Music Man StingRay 5,180000,MMタイプ,,3,1,-10300.0,-10300.0,0,0,0,,0,10,204300.0,29,gakki,楽器,ヤフオク → イシバシ/島村買取,0.3333333333333333,0.0,B,検品は1/3件通ったが180日で¥0。手間に合わん,🟡 薄い,157000.0,1
mura_gx,ムラマツ フルート GX,ムラマツ フルート GX,99000,フルート,,1,1,-1500.0,-1500.0,1,0,1,0.0,0,10,158700.0,18,gakki,楽器,ヤフオク → イシバシ/島村買取,1.0,0.0,B,検品は1/1件通ったが180日で¥0。手間に合わん,🟡 薄い,84100.0,1
w_a074,28-300mm F/4-7.1 Di III VC VXD ソニーE用 (Model A074),A074,72000,,28-300mm F/4-7.1 Di III VC VXD ソニーE用 (Model A074),1,0,,-4200.0,0,0,0,,0,4,84700.0,499,camera,カメラ,ヤフオク → キタムラ/フジヤ買取,0.0,0.0,S,検品1件のみで全滅。標本不足でまだ死とは言えん(要追試),🟣 標本不足,60800.0,2
w_a09nii,AF 28-75/2.8 ニコン (AFモーター内蔵) XR Di (A09NII),A09NII,15900,,AF 28-75/2.8 ニコン (AFモーター内蔵) XR Di (A09NII),2,0,,2945.5,0,0,0,,0,6,11674.5,11,camera,カメラ,ヤフオク → キタムラ/フジヤ買取,0.0,0.0,S,検品2件のみで全滅。標本不足でまだ死とは言えん(要追試),🟣 標本不足,10310.0,2
w_ax2000,HDR-AX2000,AX2000,38000,,HDR-AX2000,1,0,,10200.0,0,0,0,,0,2,32752.5,103,camera,カメラ,ヤフオク → キタムラ/フジヤ買取,0.0,0.0,S,検品1件のみで全滅。標本不足でまだ死とは言えん(要追試),🟣 標本不足,30200.0,2
w_d780,D780 ボディ【2450万画素】,D780,76000,,D780 ボディ【2450万画素】,1,0,,17700.0,1,1,0,9400.0,0,51,135300.0,166,camera,カメラ,ヤフオク → キタムラ/フジヤ買取,0.0,0.0,S,検品1件のみで全滅。標本不足でまだ死とは言えん(要追試),🟣 標本不足,64400.0,2
w_dev30,DEV-30 デジタル録画双眼鏡,DEV-30,70000,,DEV-30 デジタル録画双眼鏡,1,0,,10300.0,0,0,0,,0,2,61477.0,3,camera,カメラ,ヤフオク → キタムラ/フジヤ買取,0.0,0.0,S,検品1件のみで全滅。標本不足でまだ死とは言えん(要追試),🟣 標本不足,59000.0,2
w_es045,LEICA DG MACRO-ELMARIT 45/2.8 ASPH./MEGA O.I.S. (H-ES045),ES045,18900,,LEICA DG MACRO-ELMARIT 45/2.8 ASPH./MEGA O.I.S. (H-ES045),1,0,,8410.0,0,0,0,,0,21,33000.0,41,camera,カメラ,ヤフオク → キタムラ/フジヤ買取,0.0,0.0,S,検品1件のみで全滅。標本不足でまだ死とは言えん(要追試),🟣 標本不足,13010.0,2
w_es35100,LEICA DG VARIO-ELMARIT 35-100mm F2.8 POWER O.I.S. [H-ES35100],ES35100,84000,,LEICA DG VARIO-ELMARIT 35-100mm F2.8 POWER O.I.S. [H-ES35100],1,0,,18600.0,0,0,0,,0,4,97000.0,4,camera,カメラ,ヤフオク → キタムラ/フジヤ買取,0.0,0.0,S,検品1件のみで全滅。標本不足でまだ死とは言えん(要追試),🟣 標本不足,71600.0,2
w_fsa45200,LUMIX G VARIO 45-200/4.0-5.6 II POWER O.I.S. (H-FSA45200),FSA45200,29400,,LUMIX G VARIO 45-200/4.0-5.6 II POWER O.I.S. (H-FSA45200),1,0,,8461.0,0,0,0,,0,3,31000.0,5,camera,カメラ,ヤフオク → キタムラ/フジヤ買取,0.0,0.0,S,検品1件のみで全滅。標本不足でまだ死とは言えん(要追試),🟣 標本不足,22460.0,2
w_fz1000m2,LUMIX DC-FZ1000M2【2010万画素】,FZ1000M2,47500,,LUMIX DC-FZ1000M2【2010万画素】,1,0,,18100.0,0,0,0,,0,9,93000.0,34,camera,カメラ,ヤフオク → キタムラ/フジヤ買取,0.0,0.0,S,検品1件のみで全滅。標本不足でまだ死とは言えん(要追試),🟣 標本不足,38750.0,2
w_fz85d,LUMIX DC-FZ85D-K,FZ85D,30000,,LUMIX DC-FZ85D-K,1,0,,12729.0,0,0,0,,0,80,44616.0,114,camera,カメラ,ヤフオク → キタムラ/フジヤ買取,0.0,0.0,S,検品1件のみで全滅。標本不足でまだ死とは言えん(要追試),🟣 標本不足,23000.0,2
w_g99h,DC-G99H 高倍率ズームキット ブラック【2030万画素】,G99H,76000,,DC-G99H 高倍率ズームキット ブラック【2030万画素】,2,0,,7700.5,0,0,0,,0,2,70650.0,5,camera,カメラ,ヤフオク → キタムラ/フジヤ買取,0.0,0.0,S,検品2件のみで全滅。標本不足でまだ死とは言えん(要追試),🟣 標本不足,64400.0,2
w_hsa12035,LUMIX G X VARIO 12-35/2.8 II ASPH./POWER O.I.S. (H-HSA12035),HSA12035,48000,,LUMIX G X VARIO 12-35/2.8 II ASPH./POWER O.I.S. (H-HSA12035),1,0,,-1522.0,0,0,0,,0,7,54001.0,8,camera,カメラ,ヤフオク → キタムラ/フジヤ買取,0.0,0.0,S,検品1件のみで全滅。標本不足でまだ死とは言えん(要追試),🟣 標本不足,39200.0,2
w_hx99,DSC-HX99【1820万画素】,HX99,50000,,DSC-HX99【1820万画素】,1,0,,15000.0,0,0,0,,0,25,69800.0,80,camera,カメラ,ヤフオク → キタムラ/フジヤ買取,0.0,0.0,S,検品1件のみで全滅。標本不足でまだ死とは言えん(要追試),🟣 標本不足,41000.0,2
w_ilce6600,α6600 ボディ ILCE-6600【2420万画素】,ILCE-6600,76000,,α6600 ボディ ILCE-6600【2420万画素】,2,0,,4600.0,0,0,0,,0,37,92400.0,47,camera,カメラ,ヤフオク → キタムラ/フジヤ買取,0.0,0.0,S,検品2件のみで全滅。標本不足でまだ死とは言えん(要追試),🟣 標本不足,64400.0,2
w_lx100m2,DC-LX100M2 ブラック【1700万画素】,LX100M2,46000,,DC-LX100M2 ブラック【1700万画素】,1,0,,7700.0,0,0,0,,0,13,125000.0,36,camera,カメラ,ヤフオク → キタムラ/フジヤ買取,0.0,0.0,S,検品1件のみで全滅。標本不足でまだ死とは言えん(要追試),🟣 標本不足,37400.0,2
w_rf15,RF15-30mm F4.5-6.3 IS STM,RF15,46000,,RF15-30mm F4.5-6.3 IS STM,1,0,,5600.0,0,0,0,,0,7,55000.0,53,camera,カメラ,ヤフオク → キタムラ/フジヤ買取,0.0,0.0,S,検品1件のみで全滅。標本不足でまだ死とは言えん(要追試),🟣 標本不足,37400.0,2
w_rs100400,LEICA DG VARIO-ELMAR 100-400/4.0-6.3 ASPH./POWER O.I.S. (H-RS100400),RS100400,75000,,LEICA DG VARIO-ELMAR 100-400/4.0-6.3 ASPH./POWER O.I.S. (H-RS100400),2,0,,2731.5,0,0,0,,0,14,102100.0,21,camera,カメラ,ヤフオク → キタムラ/フジヤ買取,0.0,0.0,S,検品2件のみで全滅。標本不足でまだ死とは言えん(要追試),🟣 標本不足,63500.0,2
w_rx100m3,DSC-RX100M3【2010万画素】,RX100M3,28000,,DSC-RX100M3【2010万画素】,1,0,,1700.0,0,0,0,,0,54,60100.0,108,camera,カメラ,ヤフオク → キタムラ/フジヤ買取,0.0,0.0,S,検品1件のみで全滅。標本不足でまだ死とは言えん(要追試),🟣 標本不足,21200.0,2
w_rx100m5a,DSC-RX100M5A【2010万画素】,RX100M5A,44000,,DSC-RX100M5A【2010万画素】,2,0,,3925.0,0,0,0,,0,56,94900.0,95,camera,カメラ,ヤフオク → キタムラ/フジヤ買取,0.0,0.0,S,検品2件のみで全滅。標本不足でまだ死とは言えん(要追試),🟣 標本不足,35600.0,2
w_rx10m2,DSC-RX10M2 【2020万画素】,RX10M2,30000,,DSC-RX10M2 【2020万画素】,1,0,,2300.0,0,0,0,,0,7,66000.0,44,camera,カメラ,ヤフオク → キタムラ/フジヤ買取,0.0,0.0,S,検品1件のみで全滅。標本不足でまだ死とは言えん(要追試),🟣 標本不足,23000.0,2
w_sal500f80,500/8 Reflex SAL500F80 【反射式望遠レンズ】,SAL500F80,22700,,500/8 Reflex SAL500F80 【反射式望遠レンズ】,1,0,,7770.0,0,0,0,,0,4,23440.0,10,camera,カメラ,ヤフオク → キタムラ/フジヤ買取,0.0,0.0,S,検品1件のみで全滅。標本不足でまだ死とは言えん(要追試),🟣 標本不足,16430.0,2
w_sal70300g,70-300/4.5-5.6 G SSM SAL70300G,SAL70300G,22000,,70-300/4.5-5.6 G SSM SAL70300G,1,0,,9549.0,0,0,0,,0,46,26606.0,68,camera,カメラ,ヤフオク → キタムラ/フジヤ買取,0.0,0.0,S,検品1件のみで全滅。標本不足でまだ死とは言えん(要追試),🟣 標本不足,15800.0,2
w_sal70400g,70-400/4-5.6 G SSM SAL70400G,SAL70400G,45000,,70-400/4-5.6 G SSM SAL70400G,1,0,,2167.0,0,0,0,,0,11,69780.0,15,camera,カメラ,ヤフオク → キタムラ/フジヤ買取,0.0,0.0,S,検品1件のみで全滅。標本不足でまだ死とは言えん(要追試),🟣 標本不足,36500.0,2
w_sb5000,SB-5000 スピードライト,SB-5000,18000,,SB-5000 スピードライト,1,0,,5650.0,0,0,0,,0,1,21500.0,69,camera,カメラ,ヤフオク → キタムラ/フジヤ買取,0.0,0.0,S,検品1件のみで全滅。標本不足でまだ死とは言えん(要追試),🟣 標本不足,12200.0,2
w_sel135f18gm,FE 135/1.8 GM SEL135F18GM,SEL135F18GM,112000,,FE 135/1.8 GM SEL135F18GM,1,0,,-1080.0,0,0,0,,0,25,138000.0,37,camera,カメラ,ヤフオク → キタムラ/フジヤ買取,0.0,0.0,S,検品1件のみで全滅。標本不足でまだ死とは言えん(要追試),🟣 標本不足,96800.0,2
w_sel15f14g,E 15mm F1.4 G [SEL15F14G],SEL15F14G,48000,,E 15mm F1.4 G [SEL15F14G],1,0,,1220.0,0,0,0,,0,30,59205.0,38,camera,カメラ,ヤフオク → キタムラ/フジヤ買取,0.0,0.0,S,検品1件のみで全滅。標本不足でまだ死とは言えん(要追試),🟣 標本不足,39200.0,2
w_sel1635gm,FE 16-35/2.8 GM SEL1635GM,SEL1635GM,104000,,FE 16-35/2.8 GM SEL1635GM,1,0,,-200.0,1,0,1,0.0,0,37,143000.0,74,camera,カメラ,ヤフオク → キタムラ/フジヤ買取,0.0,0.0,S,検品1件のみで全滅。標本不足でまだ死とは言えん(要追試),🟣 標本不足,89600.0,2
w_sel2070g,FE 20-70mm F4 G [SEL2070G],SEL2070G,101000,,FE 20-70mm F4 G [SEL2070G],2,0,,12974.0,0,0,0,,0,67,115000.0,92,camera,カメラ,ヤフオク → キタムラ/フジヤ買取,0.0,0.0,S,検品2件のみで全滅。標本不足でまだ死とは言えん(要追試),🟣 標本不足,86900.0,2
w_sel2860,FE 28-60/4-5.6 SEL2860,SEL2860,15900,,FE 28-60/4-5.6 SEL2860,1,0,,5310.0,0,0,0,,0,125,21500.0,148,camera,カメラ,ヤフオク → キタムラ/フジヤ買取,0.0,0.0,S,検品1件のみで全滅。標本不足でまだ死とは言えん(要追試),🟣 標本不足,10310.0,2
w_sel35f18,E 35/1.8 OSS SEL35F18,SEL35F18,29100,,E 35/1.8 OSS SEL35F18,2,0,,1609.0,0,0,0,,0,48,32000.0,146,camera,カメラ,ヤフオク → キタムラ/フジヤ買取,0.0,0.0,S,検品2件のみで全滅。標本不足でまだ死とは言えん(要追試),🟣 標本不足,22190.0,2
w_sel70200gm,FE 70-200/2.8 GM OSS SEL70200GM,SEL70200GM,120000,,FE 70-200/2.8 GM OSS SEL70200GM,2,0,,13000.5,0,0,0,,0,0,,1,camera,カメラ,ヤフオク → キタムラ/フジヤ買取,0.0,0.0,S,検品2件のみで全滅。標本不足でまだ死とは言えん(要追試),🟣 標本不足,104000.0,2
w_sel85f14gm,FE 85/1.4 GM SEL85F14GM,SEL85F14GM,84000,,FE 85/1.4 GM SEL85F14GM,2,0,,-150.0,0,0,0,,0,21,100000.0,28,camera,カメラ,ヤフオク → キタムラ/フジヤ買取,0.0,0.0,S,検品2件のみで全滅。標本不足でまだ死とは言えん(要追試),🟣 標本不足,71600.0,2
w_sel85f14gm2,FE 85mm F1.4 GM II [SEL85F14GM2],SEL85F14GM2,169000,,FE 85mm F1.4 GM II [SEL85F14GM2],1,0,,-11700.0,0,0,0,,0,10,199900.0,12,camera,カメラ,ヤフオク → キタムラ/フジヤ買取,0.0,0.0,S,検品1件のみで全滅。標本不足でまだ死とは言えん(要追試),🟣 標本不足,148100.0,2
w_selp18105g,E PZ 18-105/4 G OSS SELP18105G,SELP18105G,36000,,E PZ 18-105/4 G OSS SELP18105G,2,0,,4789.0,0,0,0,,0,57,44000.0,99,camera,カメラ,ヤフオク → キタムラ/フジヤ買取,0.0,0.0,S,検品2件のみで全滅。標本不足でまだ死とは言えん(要追試),🟣 標本不足,28400.0,2
w_selp18110g,E PZ 18-110/4 G OSS SELP18110G,SELP18110G,170000,,E PZ 18-110/4 G OSS SELP18110G,1,0,,83900.0,0,0,0,,0,2,124050.0,6,camera,カメラ,ヤフオク → キタムラ/フジヤ買取,0.0,0.0,S,検品1件のみで全滅。標本不足でまだ死とは言えん(要追試),🟣 標本不足,149000.0,2
w_so51c,Xperia1 IV SO-51C,SO-51C,20000,,Xperia1 IV SO-51C,1,0,,1050.0,0,0,0,,0,29,30000.0,136,camera,カメラ,ヤフオク → キタムラ/フジヤ買取,0.0,0.0,S,検品1件のみで全滅。標本不足でまだ死とは言えん(要追試),🟣 標本不足,14000.0,2
w_so51d,Xperia1 V SO-51D,SO-51D,38000,,Xperia1 V SO-51D,2,0,,5619.0,0,0,0,,0,29,51800.0,150,camera,カメラ,ヤフオク → キタムラ/フジヤ買取,0.0,0.0,S,検品2件のみで全滅。標本不足でまだ死とは言えん(要追試),🟣 標本不足,30200.0,2
w_so52e,Xperia10 VI SO-52E,SO-52E,25000,,Xperia10 VI SO-52E,1,0,,5000.0,0,0,0,,0,7,31000.0,134,camera,カメラ,ヤフオク → キタムラ/フジヤ買取,0.0,0.0,S,検品1件のみで全滅。標本不足でまだ死とは言えん(要追試),🟣 標本不足,18500.0,2
w_so53d,Xperia5 V SO-53D,SO-53D,38000,,Xperia5 V SO-53D,2,0,,-50.0,0,0,0,,0,24,46215.0,150,camera,カメラ,ヤフオク → キタムラ/フジヤ買取,0.0,0.0,S,検品2件のみで全滅。標本不足でまだ死とは言えん(要追試),🟣 標本不足,30200.0,2
w_sog03,Xperia1 III SOG03,SOG03,18000,,Xperia1 III SOG03,1,0,,5120.0,0,0,0,,0,13,20900.0,59,camera,カメラ,ヤフオク → キタムラ/フジヤ買取,0.0,0.0,S,検品1件のみで全滅。標本不足でまだ死とは言えん(要追試),🟣 標本不足,12200.0,2
w_wx995m,HC-WX995M-T ブラウン,WX995M,17000,,HC-WX995M-T ブラウン,1,0,,1300.0,0,0,0,,0,11,35500.0,22,camera,カメラ,ヤフオク → キタムラ/フジヤ買取,0.0,0.0,S,検品1件のみで全滅。標本不足でまだ死とは言えん(要追試),🟣 標本不足,11300.0,2
w_x1500,HC-X1500-K ブラック,X1500,101000,,HC-X1500-K ブラック,1,0,,-1391.0,0,0,0,,0,7,140000.0,479,camera,カメラ,ヤフオク → キタムラ/フジヤ買取,0.0,0.0,S,検品1件のみで全滅。標本不足でまだ死とは言えん(要追試),🟣 標本不足,86900.0,2
w_xa20,XA20,XA20,30400,,XA20,1,0,,12060.0,0,0,0,,0,4,48800.0,74,camera,カメラ,ヤフオク → キタムラ/フジヤ買取,0.0,0.0,S,検品1件のみで全滅。標本不足でまだ死とは言えん(要追試),🟣 標本不足,23360.0,2
w_xa40,業務用4Kビデオカメラ XA40,XA40,60000,,業務用4Kビデオカメラ XA40,1,0,,18167.0,0,0,0,,0,6,88550.0,23,camera,カメラ,ヤフオク → キタムラ/フジヤ買取,0.0,0.0,S,検品1件のみで全滅。標本不足でまだ死とは言えん(要追試),🟣 標本不足,50000.0,2
bach180ml37sp,バック 180ML37 トランペット,バック 180ML37 トランペット,134000,トランペット,,1,0,,-10300.0,0,0,0,,0,35,191000.0,65,gakki,楽器,ヤフオク → イシバシ/島村買取,0.0,0.0,S,検品1件のみで全滅。標本不足でまだ死とは言えん(要追試),🟣 標本不足,115600.0,2
gibson_lp_std,Gibson Les Paul Standard 50s,Gibson Les Paul Standard 50s,175000,レスポールタイプ,,1,0,,-3700.0,0,0,0,,0,57,234400.0,68,gakki,楽器,ヤフオク → イシバシ/島村買取,0.0,0.0,S,検品1件のみで全滅。標本不足でまだ死とは言えん(要追試),🟣 標本不足,152500.0,2
junods88,ROLAND JUNO-DS88,ROLAND JUNO-DS88,55000,88鍵盤以下,,1,0,,-3550.0,0,0,0,,0,4,65375.5,4,gakki,楽器,ヤフオク → イシバシ/島村買取,0.0,0.0,S,検品1件のみで全滅。標本不足でまだ死とは言えん(要追試),🟣 標本不足,44500.0,2
mura_ex,ムラマツ フルート EX,ムラマツ フルート EX,59000,フルート,,1,0,,-8072.0,1,0,1,0.0,0,25,110660.0,39,gakki,楽器,ヤフオク → イシバシ/島村買取,0.0,0.0,S,検品1件のみで全滅。標本不足でまだ死とは言えん(要追試),🟣 標本不足,48100.0,2
prs_se_c24,PRS SE Custom 24,PRS SE Custom 24,45000,EGその他タイプ,,1,0,,2500.0,1,0,1,0.0,0,83,68590.0,172,gakki,楽器,ヤフオク → イシバシ/島村買取,0.0,0.0,S,検品1件のみで全滅。標本不足でまだ死とは言えん(要追試),🟣 標本不足,35500.0,2
w_gsw670iii,GSW670III プロ (65/5.6),GSW670III,32700,,GSW670III プロ (65/5.6),0,0,,,0,0,0,,0,0,,0,camera,カメラ,ヤフオク → キタムラ/フジヤ買取,,0.0,?,180日の落札をまだ集めとらん。等級を付ける根拠が無い,⚪ 未収集,25430.0,3
w_gw670iii,GW670III プロ (90/3.5),GW670III,26700,,GW670III プロ (90/3.5),0,0,,,0,0,0,,0,0,,0,camera,カメラ,ヤフオク → キタムラ/フジヤ買取,,0.0,?,180日の落札をまだ集めとらん。等級を付ける根拠が無い,⚪ 未収集,20030.0,3
w_ilce6300m,α6300 高倍率ズームレンズキット ILCE-6300M,ILCE-6300M,72000,,α6300 高倍率ズームレンズキット ILCE-6300M,0,0,,,0,0,0,,0,0,,0,camera,カメラ,ヤフオク → キタムラ/フジヤ買取,,0.0,?,180日の落札をまだ集めとらん。等級を付ける根拠が無い,⚪ 未収集,60800.0,3
w_kitd10,HDR-FX7+ACCKITD10,KITD10,15300,,HDR-FX7+ACCKITD10,0,0,,,0,0,0,,0,0,,0,camera,カメラ,ヤフオク → キタムラ/フジヤ買取,,0.0,?,180日の落札をまだ集めとらん。等級を付ける根拠が無い,⚪ 未収集,9770.0,3
w_mkx50,MKX50-135/T2.9,MKX50,80000,,MKX50-135/T2.9,0,0,,,0,0,0,,0,0,,0,camera,カメラ,ヤフオク → キタムラ/フジヤ買取,,0.0,?,180日の落札をまだ集めとらん。等級を付ける根拠が無い,⚪ 未収集,68000.0,3
w_ntax17,フィルムカメラ PENTAX17,NTAX17,26700,,フィルムカメラ PENTAX17,0,0,,,0,0,0,,0,0,,0,camera,カメラ,ヤフオク → キタムラ/フジヤ買取,,0.0,?,180日の落札をまだ集めとらん。等級を付ける根拠が無い,⚪ 未収集,20030.0,3
w_rf5228ldfe,RF5.2/2.8 L DUAL FISHEYE (RF5228LDFE),RF5228LDFE,140000,,RF5.2/2.8 L DUAL FISHEYE (RF5228LDFE),0,0,,,0,0,0,,0,0,,0,camera,カメラ,ヤフオク → キタムラ/フジヤ買取,,0.0,?,180日の落札をまだ集めとらん。等級を付ける根拠が無い,⚪ 未収集,122000.0,3
w_sal300f28g,AF 300/2.8G  SAL300F28G,SAL300F28G,140600,,AF 300/2.8G  SAL300F28G,0,0,,,0,0,0,,0,0,,0,camera,カメラ,ヤフオク → キタムラ/フジヤ買取,,0.0,?,180日の落札をまだ集めとらん。等級を付ける根拠が無い,⚪ 未収集,122540.0,3
w_sal500f40g,AF 500/4G SSM SAL500F40G,SAL500F40G,185000,,AF 500/4G SSM SAL500F40G,0,0,,,0,0,0,,0,0,,0,camera,カメラ,ヤフオク → キタムラ/フジヤ買取,,0.0,?,180日の落札をまだ集めとらん。等級を付ける根拠が無い,⚪ 未収集,162500.0,3
w_sel2470gm,FE 24-70/2.8 GM SEL2470GM,SEL2470GM,121000,,FE 24-70/2.8 GM SEL2470GM,0,0,,,0,0,0,,0,0,,0,camera,カメラ,ヤフオク → キタムラ/フジヤ買取,,0.0,?,180日の落札をまだ集めとらん。等級を付ける根拠が無い,⚪ 未収集,104900.0,3
w_sel28f20,FE 28/2 SEL28F20,SEL28F20,20200,,FE 28/2 SEL28F20,0,0,,,0,0,0,,0,0,,0,camera,カメラ,ヤフオク → キタムラ/フジヤ買取,,0.0,?,180日の落札をまだ集めとらん。等級を付ける根拠が無い,⚪ 未収集,14180.0,3
w_uwaf20,ニコノスRS (R-UWAF20-35/2.8付),UWAF20,25300,,ニコノスRS (R-UWAF20-35/2.8付),0,0,,,0,0,0,,0,0,,0,camera,カメラ,ヤフオク → キタムラ/フジヤ買取,,0.0,?,180日の落札をまだ集めとらん。等級を付ける根拠が無い,⚪ 未収集,18770.0,3
w_uwaf28,ニコノスRS (R-UWAF28/2.8付),UWAF28,21600,,ニコノスRS (R-UWAF28/2.8付),0,0,,,0,0,0,,0,0,,0,camera,カメラ,ヤフオク → キタムラ/フジヤ買取,,0.0,?,180日の落札をまだ集めとらん。等級を付ける根拠が無い,⚪ 未収集,15440.0,3
w_uwaf50,ニコノスRS (R-UWAF50/2.8付),UWAF50,22600,,ニコノスRS (R-UWAF50/2.8付),0,0,,,0,0,0,,0,0,,0,camera,カメラ,ヤフオク → キタムラ/フジヤ買取,,0.0,?,180日の落札をまだ集めとらん。等級を付ける根拠が無い,⚪ 未収集,16340.0,3
w_xa75,業務用4Kビデオカメラ XA75,XA75,160000,,業務用4Kビデオカメラ XA75,0,0,,,0,0,0,,0,0,,0,camera,カメラ,ヤフオク → キタムラ/フジヤ買取,,0.0,?,180日の落札をまだ集めとらん。等級を付ける根拠が無い,⚪ 未収集,140000.0,3
axefx3_mk2,Axe-FX III Mark II,Axe-FX III Mark II,200000,マルチラックタイプ,,0,0,,,0,0,0,,0,0,,0,gakki,楽器,ヤフオク → イシバシ/島村買取,,0.0,?,180日の落札をまだ集めとらん。等級を付ける根拠が無い,⚪ 未収集,175000.0,3
bach180ml37gl,バック 180ML37GL,バック 180ML37GL,108000,トランペット,,0,0,,,0,0,0,,0,0,,0,gakki,楽器,ヤフオク → イシバシ/島村買取,,0.0,?,180日の落札をまだ集めとらん。等級を付ける根拠が無い,⚪ 未収集,92200.0,3
montage_m8x,YAMAHA MONTAGE M8x,YAMAHA MONTAGE M8x,220000,88鍵盤以下,,0,0,,,0,0,0,,0,0,,0,gakki,楽器,ヤフオク → イシバシ/島村買取,,0.0,?,180日の落札をまだ集めとらん。等級を付ける根拠が無い,⚪ 未収集,193000.0,3
w_a036,28-75/2.8 ソニーE Di III RXD (A036),A036,43000,,28-75/2.8 ソニーE Di III RXD (A036),0,0,,,0,0,0,,0,5,59800.0,129,camera,カメラ,ヤフオク → キタムラ/フジヤ買取,,0.0,L,180日で本体が5件しか落ちとらん。玉が薄くて判定できん,🔵 玉が薄い,34700.0,4
w_a046,17-28/2.8 ソニーE Di III RXD (A046),A046,38000,,17-28/2.8 ソニーE Di III RXD (A046),0,0,,,0,0,0,,0,9,57310.0,150,camera,カメラ,ヤフオク → キタムラ/フジヤ買取,,0.0,L,180日で本体が9件しか落ちとらん。玉が薄くて判定できん,🔵 玉が薄い,30200.0,4
w_a064s,16-30mm F/2.8 Di III VXD G2 ソニーE用 (Model A064S),A064S,77000,,16-30mm F/2.8 Di III VXD G2 ソニーE用 (Model A064S),0,0,,,0,0,0,,0,0,,155,camera,カメラ,ヤフオク → キタムラ/フジヤ買取,,0.0,L,検索は155件当たったが、本体の落札は180日で0件(部品・互換品・別世代だけ)。仕入れる玉が存在せん,🔵 玉が薄い,65300.0,4
w_a064z,16-30mm F/2.8 Di III VXD G2 ニコンZ用(Model A064Z),A064Z,82000,,16-30mm F/2.8 Di III VXD G2 ニコンZ用(Model A064Z),0,0,,,0,0,0,,0,1,117000.0,39,camera,カメラ,ヤフオク → キタムラ/フジヤ買取,,0.0,L,180日で本体が1件しか落ちとらん。玉が薄くて判定できん,🔵 玉が薄い,69800.0,4
w_a065z,タムロン 70-180mm F2.8 VC VXD G2 ニコンZ用(Model A065Z),A065Z,94000,,タムロン 70-180mm F2.8 VC VXD G2 ニコンZ用(Model A065Z),0,0,,,0,0,0,,0,0,,31,camera,カメラ,ヤフオク → キタムラ/フジヤ買取,,0.0,L,検索は31件当たったが、本体の落札は180日で0件(部品・互換品・別世代だけ)。仕入れる玉が存在せん,🔵 玉が薄い,80600.0,4
w_a068,17-50mm F/4 Di III VXD ソニーE用 (Model A068),A068,47000,,17-50mm F/4 Di III VXD ソニーE用 (Model A068),0,0,,,0,0,0,,0,3,52800.0,149,camera,カメラ,ヤフオク → キタムラ/フジヤ買取,,0.0,L,180日で本体が3件しか落ちとらん。玉が薄くて判定できん,🔵 玉が薄い,38300.0,4
w_a069,50-300mm F4.5-6.3 Di III VC VXD ソニーE用 (Model A069),A069,70000,,50-300mm F4.5-6.3 Di III VC VXD ソニーE用 (Model A069),0,0,,,0,0,0,,0,6,78400.0,496,camera,カメラ,ヤフオク → キタムラ/フジヤ買取,,0.0,L,180日で本体が6件しか落ちとらん。玉が薄くて判定できん,🔵 玉が薄い,59000.0,4
w_a078s,タムロン 35-100mm F/2.8 Di III VXD ソニーE用(Model A078S),A078S,92000,,タムロン 35-100mm F/2.8 Di III VXD ソニーE用(Model A078S),0,0,,,0,0,0,,0,6,127002.5,203,camera,カメラ,ヤフオク → キタムラ/フジヤ買取,,0.0,L,180日で本体が6件しか落ちとらん。玉が薄くて判定できん,🔵 玉が薄い,78800.0,4
w_a078z,タムロン 35-100mm F/2.8 Di III VXD ニコンZ用(Model A078Z),A078Z,92000,,タムロン 35-100mm F/2.8 Di III VXD ニコンZ用(Model A078Z),0,0,,,0,0,0,,0,3,123500.0,18,camera,カメラ,ヤフオク → キタムラ/フジヤ買取,,0.0,L,180日で本体が3件しか落ちとらん。玉が薄くて判定できん,🔵 玉が薄い,78800.0,4
w_a101so,Xperia1 III A101SO,A101SO,18000,,Xperia1 III A101SO,0,0,,,0,0,0,,0,5,21400.0,20,camera,カメラ,ヤフオク → キタムラ/フジヤ買取,,0.0,L,180日で本体が5件しか落ちとらん。玉が薄くて判定できん,🔵 玉が薄い,12200.0,4
w_a201so,Xperia1 IV A201SO,A201SO,20000,,Xperia1 IV A201SO,0,0,,,0,0,0,,0,0,,22,camera,カメラ,ヤフオク → キタムラ/フジヤ買取,,0.0,L,検索は22件当たったが、本体の落札は180日で0件(部品・互換品・別世代だけ)。仕入れる玉が存在せん,🔵 玉が薄い,14000.0,4
w_a402so,Xperia10 VI A402SO,A402SO,17000,,Xperia10 VI A402SO,0,0,,,0,0,0,,0,9,37590.0,72,camera,カメラ,ヤフオク → キタムラ/フジヤ買取,,0.0,L,180日で本体が9件しか落ちとらん。玉が薄くて判定できん,🔵 玉が薄い,11300.0,4
w_a700z,α700 DT16-80キット DSLR-A700Z【1220万画素】,A700Z,19444,,α700 DT16-80キット DSLR-A700Z【1220万画素】,0,0,,,0,0,0,,0,0,,150,camera,カメラ,ヤフオク → キタムラ/フジヤ買取,,0.0,L,検索は150件当たったが、本体の落札は180日で0件(部品・互換品・別世代だけ)。仕入れる玉が存在せん,🔵 玉が薄い,13500.0,4
w_a77vq,α77 ズームキット SLT-A77VQ【2430万画素】,A77VQ,25000,,α77 ズームキット SLT-A77VQ【2430万画素】,0,0,,,0,0,0,,0,2,45200.0,2,camera,カメラ,ヤフオク → キタムラ/フジヤ買取,,0.0,L,180日で本体が2件しか落ちとらん。玉が薄くて判定できん,🔵 玉が薄い,18500.0,4
w_af540fgzii,AF540FGZII,AF540FGZII,15200,,AF540FGZII,0,0,,,0,0,0,,0,0,,1,camera,カメラ,ヤフオク → キタムラ/フジヤ買取,,0.0,L,検索は1件当たったが、本体の落札は180日で0件(部品・互換品・別世代だけ)。仕入れる玉が存在せん,🔵 玉が薄い,9680.0,4
w_b028n,18-400/3.5-6.3 ニコン Di II VC HLD (B028N),B028N,38000,,18-400/3.5-6.3 ニコン Di II VC HLD (B028N),0,0,,,0,0,0,,0,3,62300.0,33,camera,カメラ,ヤフオク → キタムラ/フジヤ買取,,0.0,L,180日で本体が3件しか落ちとらん。玉が薄くて判定できん,🔵 玉が薄い,30200.0,4
w_b061r,18-300mm F/3.5-6.3 Di III-A VC VXD キヤノンRF用(Model B061R),B061R,42000,,18-300mm F/3.5-6.3 Di III-A VC VXD キヤノンRF用(Model B061R),0,0,,,0,0,0,,0,1,66000.0,50,camera,カメラ,ヤフオク → キタムラ/フジヤ買取,,0.0,L,180日で本体が1件しか落ちとらん。玉が薄くて判定できん,🔵 玉が薄い,33800.0,4
w_b061z,18-300mm F/3.5-6.3 Di III-A VC VXD ニコンZ用(Model B061Z),B061Z,44000,,18-300mm F/3.5-6.3 Di III-A VC VXD ニコンZ用(Model B061Z),0,0,,,0,0,0,,0,1,67000.0,30,camera,カメラ,ヤフオク → キタムラ/フジヤ買取,,0.0,L,180日で本体が1件しか落ちとらん。玉が薄くて判定できん,🔵 玉が薄い,35600.0,4
w_cx900,HDR-CX900,CX900,22800,,HDR-CX900,0,0,,,0,0,0,,0,5,62040.0,130,camera,カメラ,ヤフオク → キタムラ/フジヤ買取,,0.0,L,180日で本体が5件しか落ちとらん。玉が薄くて判定できん,🔵 玉が薄い,16520.0,4
w_d810a,D810A ボディ【3635万画素】,D810A,135000,,D810A ボディ【3635万画素】,0,0,,,0,0,0,,0,8,234750.0,233,camera,カメラ,ヤフオク → キタムラ/フジヤ買取,,0.0,L,180日で本体が8件しか落ちとらん。玉が薄くて判定できん,🔵 玉が薄い,117500.0,4
w_da16,K-3 MarkIII シルバー HD DA16-85 レンズキット,DA16,145889,,K-3 MarkIII シルバー HD DA16-85 レンズキット,0,0,,,0,0,0,,0,0,,500,camera,カメラ,ヤフオク → キタムラ/フジヤ買取,,0.0,L,検索は500件当たったが、本体の落札は180日で0件(部品・互換品・別世代だけ)。仕入れる玉が存在せん,🔵 玉が薄い,127300.0,4
w_da645,HD DA645 28-45/4.5ED AW SR,DA645,137700,,HD DA645 28-45/4.5ED AW SR,0,0,,,0,0,0,,0,0,,25,camera,カメラ,ヤフオク → キタムラ/フジヤ買取,,0.0,L,検索は25件当たったが、本体の落札は180日で0件(部品・互換品・別世代だけ)。仕入れる玉が存在せん,🔵 玉が薄い,119930.0,4
w_dev50v,DEV-50V デジタル録画双眼鏡,DEV-50V,100000,,DEV-50V デジタル録画双眼鏡,0,0,,,0,0,0,,0,6,134550.0,11,camera,カメラ,ヤフオク → キタムラ/フジヤ買取,,0.0,L,180日で本体が6件しか落ちとらん。玉が薄くて判定できん,🔵 玉が薄い,86000.0,4
w_e2460,LUMIX S 24-60mm F2.8 [S-E2460],E2460,78000,,LUMIX S 24-60mm F2.8 [S-E2460],0,0,,,0,0,0,,0,8,103500.0,55,camera,カメラ,ヤフオク → キタムラ/フジヤ買取,,0.0,L,180日で本体が8件しか落ちとらん。玉が薄くて判定できん,🔵 玉が薄い,66200.0,4
w_e2470,LUMIX S PRO 24-70/2.8[S-E2470],E2470,133000,,LUMIX S PRO 24-70/2.8[S-E2470],0,0,,,0,0,0,,0,4,170000.0,78,camera,カメラ,ヤフオク → キタムラ/フジヤ買取,,0.0,L,180日で本体が4件しか落ちとらん。玉が薄くて判定できん,🔵 玉が薄い,115700.0,4
w_e70200,LUMIX S PRO 70-200 /2.8 O.I.S. S-E70200,E70200,165000,,LUMIX S PRO 70-200 /2.8 O.I.S. S-E70200,0,0,,,0,0,0,,0,1,182875.0,53,camera,カメラ,ヤフオク → キタムラ/フジヤ買取,,0.0,L,180日で本体が1件しか落ちとらん。玉が薄くて判定できん,🔵 玉が薄い,144500.0,4
w_es12035,LEICA DG VARIO-ELMARIT 12-35mm F2.8 ASPH. POWER O.I.S. [H-ES12035],ES12035,62000,,LEICA DG VARIO-ELMARIT 12-35mm F2.8 ASPH. POWER O.I.S. [H-ES12035],0,0,,,0,0,0,,0,4,75700.0,4,camera,カメラ,ヤフオク → キタムラ/フジヤ買取,,0.0,L,180日で本体が4件しか落ちとらん。玉が薄くて判定できん,🔵 玉が薄い,51800.0,4
w_es200,LEICA DG ELMARIT 200/2.8 POWER O.I.S. [H-ES200],ES200,143500,,LEICA DG ELMARIT 200/2.8 POWER O.I.S. [H-ES200],0,0,,,0,0,0,,0,0,,499,camera,カメラ,ヤフオク → キタムラ/フジヤ買取,,0.0,L,検索は499件当たったが、本体の落札は180日で0件(部品・互換品・別世代だけ)。仕入れる玉が存在せん,🔵 玉が薄い,125150.0,4
w_es50200,LEICA DG VARIO-ELMARIT 50-200/2.8-4.0 ASPH./POWER O.I.S. (H-ES50200),ES50200,108000,,LEICA DG VARIO-ELMARIT 50-200/2.8-4.0 ASPH./POWER O.I.S. (H-ES50200),0,0,,,0,0,0,,0,3,120000.0,3,camera,カメラ,ヤフオク → キタムラ/フジヤ買取,,0.0,L,180日で本体が3件しか落ちとらん。玉が薄くて判定できん,🔵 玉が薄い,93200.0,4
w_f008,LUMIX G FISHEYE 8/3.5 (H-F008),F008,27700,,LUMIX G FISHEYE 8/3.5 (H-F008),0,0,,,0,0,0,,0,3,27400.0,150,camera,カメラ,ヤフオク → キタムラ/フジヤ買取,,0.0,L,180日で本体が3件しか落ちとらん。玉が薄くて判定できん,🔵 玉が薄い,20930.0,4
w_f050sf,20/2.8 ソニーE Di III OSD M1:2 (F050SF),F050SF,17300,,20/2.8 ソニーE Di III OSD M1:2 (F050SF),0,0,,,0,0,0,,0,6,21000.0,19,camera,カメラ,ヤフオク → キタムラ/フジヤ買取,,0.0,L,180日で本体が6件しか落ちとらん。玉が薄くて判定できん,🔵 玉が薄い,11570.0,4
w_f051sf,24/2.8 ソニーEdi III OSD M1:2 (F051SF),F051SF,17400,,24/2.8 ソニーEdi III OSD M1:2 (F051SF),0,0,,,0,0,0,,0,2,25550.0,15,camera,カメラ,ヤフオク → キタムラ/フジヤ買取,,0.0,L,180日で本体が2件しか落ちとらん。玉が薄くて判定できん,🔵 玉が薄い,11660.0,4
w_f053sf,35/2.8 ソニーE Di III OSD M1:2 (Model F053SF),F053SF,22900,,35/2.8 ソニーE Di III OSD M1:2 (Model F053SF),0,0,,,0,0,0,,0,0,,13,camera,カメラ,ヤフオク → キタムラ/フジヤ買取,,0.0,L,検索は13件当たったが、本体の落札は180日で0件(部品・互換品・別世代だけ)。仕入れる玉が存在せん,🔵 玉が薄い,16610.0,4
w_f36,F-36 (F用モータードライブ バッテリーパック付),F-36,21300,,F-36 (F用モータードライブ バッテリーパック付),0,0,,,0,0,0,,0,1,132000.0,150,camera,カメラ,ヤフオク → キタムラ/フジヤ買取,,0.0,L,180日で本体が1件しか落ちとらん。玉が薄くて判定できん,🔵 玉が薄い,15170.0,4
w_f60m,HVL-F60M,F60M,15000,,HVL-F60M,0,0,,,0,0,0,,0,1,18260.0,51,camera,カメラ,ヤフオク → キタムラ/フジヤ買取,,0.0,L,180日で本体が1件しか落ちとらん。玉が薄くて判定できん,🔵 玉が薄い,9500.0,4
w_f60rm,HVL-F60RM,F60RM,17000,,HVL-F60RM,0,0,,,0,0,0,,0,1,29900.0,64,camera,カメラ,ヤフオク → キタムラ/フジヤ買取,,0.0,L,180日で本体が1件しか落ちとらん。玉が薄くて判定できん,🔵 玉が薄い,11300.0,4
w_f60rm2,HVL-F60RM2 フラッシュ,F60RM2,24500,,HVL-F60RM2 フラッシュ,0,0,,,0,0,0,,0,5,45000.0,38,camera,カメラ,ヤフオク → キタムラ/フジヤ買取,,0.0,L,180日で本体が5件しか落ちとらん。玉が薄くて判定できん,🔵 玉が薄い,18050.0,4
w_fa75,645NII FA75/2.8付,FA75,82300,,645NII FA75/2.8付,0,0,,,0,0,0,,0,0,,26,camera,カメラ,ヤフオク → キタムラ/フジヤ買取,,0.0,L,検索は26件当たったが、本体の落札は180日で0件(部品・互換品・別世代だけ)。仕入れる玉が存在せん,🔵 玉が薄い,70070.0,4
w_fx1000,HDR-FX1000,FX1000,23500,,HDR-FX1000,0,0,,,0,0,0,,0,0,,148,camera,カメラ,ヤフオク → キタムラ/フジヤ買取,,0.0,L,検索は148件当たったが、本体の落札は180日で0件(部品・互換品・別世代だけ)。仕入れる玉が存在せん,🔵 玉が薄い,17150.0,4
w_g100,DC-G100 ボディ【2030万画素】,G100,27100,,DC-G100 ボディ【2030万画素】,0,0,,,0,0,0,,0,1,42000.0,147,camera,カメラ,ヤフオク → キタムラ/フジヤ買取,,0.0,L,180日で本体が1件しか落ちとらん。玉が薄くて判定できん,🔵 玉が薄い,20390.0,4
w_g100d,LUMIX DC-G100D ボディ,G100D,30300,,LUMIX DC-G100D ボディ,0,0,,,0,0,0,,0,1,38400.0,138,camera,カメラ,ヤフオク → キタムラ/フジヤ買取,,0.0,L,180日で本体が1件しか落ちとらん。玉が薄くて判定できん,🔵 玉が薄い,23270.0,4
w_g100dv,LUMIX DC-G100DV-K 標準ズームレンズキット トライポッドグリップ付属,G100DV,37000,,LUMIX DC-G100DV-K 標準ズームレンズキット トライポッドグリップ付属,0,0,,,0,0,0,,0,0,,12,camera,カメラ,ヤフオク → キタムラ/フジヤ買取,,0.0,L,検索は12件当たったが、本体の落札は180日で0件(部品・互換品・別世代だけ)。仕入れる玉が存在せん,🔵 玉が薄い,29300.0,4
w_g100v,DC-G100V-K 標準ZK トライポッドグリップキット 【2030万画素】,G100V,32556,,DC-G100V-K 標準ZK トライポッドグリップキット 【2030万画素】,0,0,,,0,0,0,,0,0,,150,camera,カメラ,ヤフオク → キタムラ/フジヤ買取,,0.0,L,検索は150件当たったが、本体の落札は180日で0件(部品・互換品・別世代だけ)。仕入れる玉が存在せん,🔵 玉が薄い,25300.0,4
w_g99dh,LUMIX DC-G99DH-K 高倍率ズームレンズキット ブラック,G99DH,73889,,LUMIX DC-G99DH-K 高倍率ズームレンズキット ブラック,0,0,,,0,0,0,,0,7,86900.0,12,camera,カメラ,ヤフオク → キタムラ/フジヤ買取,,0.0,L,180日で本体が7件しか落ちとらん。玉が薄くて判定できん,🔵 玉が薄い,62500.0,4
w_g99m2h,LUMIX DC-G99M2H レンズキット,G99M2H,88000,,LUMIX DC-G99M2H レンズキット,0,0,,,0,0,0,,0,9,111100.0,14,camera,カメラ,ヤフオク → キタムラ/フジヤ買取,,0.0,L,180日で本体が9件しか落ちとらん。玉が薄くて判定できん,🔵 玉が薄い,75200.0,4
w_ga645w,GA645W プロ (45/4),GA645W,19800,,GA645W プロ (45/4),0,0,,,0,0,0,,0,0,,36,camera,カメラ,ヤフオク → キタムラ/フジヤ買取,,0.0,L,検索は36件当たったが、本体の落札は180日で0件(部品・互換品・別世代だけ)。仕入れる玉が存在せん,🔵 玉が薄い,13820.0,4
w_gfx100ii,縦位置バッテリーグリップ VG-GFX100II,GFX100II,40000,,縦位置バッテリーグリップ VG-GFX100II,0,0,,,0,0,0,,0,0,,36,camera,カメラ,ヤフオク → キタムラ/フジヤ買取,,0.0,L,検索は36件当たったが、本体の落札は180日で0件(部品・互換品・別世代だけ)。仕入れる玉が存在せん,🔵 玉が薄い,32000.0,4
w_gs645,GS645 プロ (75/3.4),GS645,30700,,GS645 プロ (75/3.4),0,0,,,0,0,0,,0,0,,149,camera,カメラ,ヤフオク → キタムラ/フジヤ買取,,0.0,L,検索は149件当たったが、本体の落札は180日で0件(部品・互換品・別世代だけ)。仕入れる玉が存在せん,🔵 玉が薄い,23630.0,4
w_gs645s,GS645S プロ (60/4),GS645S,28100,,GS645S プロ (60/4),0,0,,,0,0,0,,0,0,,87,camera,カメラ,ヤフオク → キタムラ/フジヤ買取,,0.0,L,検索は87件当たったが、本体の落札は180日で0件(部品・互換品・別世代だけ)。仕入れる玉が存在せん,🔵 玉が薄い,21290.0,4
w_gs645w,GS645W プロ (45/5.6),GS645W,18000,,GS645W プロ (45/5.6),0,0,,,0,0,0,,0,0,,35,camera,カメラ,ヤフオク → キタムラ/フジヤ買取,,0.0,L,検索は35件当たったが、本体の落札は180日で0件(部品・互換品・別世代だけ)。仕入れる玉が存在せん,🔵 玉が薄い,12200.0,4
w_gsw670ii,GSW670II プロ (65/5.6),GSW670II,30300,,GSW670II プロ (65/5.6),0,0,,,0,0,0,,0,0,,3,camera,カメラ,ヤフオク → キタムラ/フジヤ買取,,0.0,L,検索は3件当たったが、本体の落札は180日で0件(部品・互換品・別世代だけ)。仕入れる玉が存在せん,🔵 玉が薄い,23270.0,4
w_gsw680iii,GSW680III プロ (65/5.6),GSW680III,27100,,GSW680III プロ (65/5.6),0,0,,,0,0,0,,0,0,,7,camera,カメラ,ヤフオク → キタムラ/フジヤ買取,,0.0,L,検索は7件当たったが、本体の落札は180日で0件(部品・互換品・別世代だけ)。仕入れる玉が存在せん,🔵 玉が薄い,20390.0,4
w_gsw690,GSW690 プロ (65/5.6),GSW690,15100,,GSW690 プロ (65/5.6),0,0,,,0,0,0,,0,2,58209.5,37,camera,カメラ,ヤフオク → キタムラ/フジヤ買取,,0.0,L,180日で本体が2件しか落ちとらん。玉が薄くて判定できん,🔵 玉が薄い,9590.0,4
w_gsw690ii,GSW690II プロ (65/5.6),GSW690II,18900,,GSW690II プロ (65/5.6),0,0,,,0,0,0,,0,1,130666.0,14,camera,カメラ,ヤフオク → キタムラ/フジヤ買取,,0.0,L,180日で本体が1件しか落ちとらん。玉が薄くて判定できん,🔵 玉が薄い,13010.0,4
w_gsw690iii,GSW690III プロ (65/5.6),GSW690III,30100,,GSW690III プロ (65/5.6),0,0,,,0,0,0,,0,0,,26,camera,カメラ,ヤフオク → キタムラ/フジヤ買取,,0.0,L,検索は26件当たったが、本体の落札は180日で0件(部品・互換品・別世代だけ)。仕入れる玉が存在せん,🔵 玉が薄い,23090.0,4
w_gw670ii,GW670II プロ (90/3.5),GW670II,19200,,GW670II プロ (90/3.5),0,0,,,0,0,0,,0,0,,3,camera,カメラ,ヤフオク → キタムラ/フジヤ買取,,0.0,L,検索は3件当たったが、本体の落札は180日で0件(部品・互換品・別世代だけ)。仕入れる玉が存在せん,🔵 玉が薄い,13280.0,4
w_gw680iii,GW680III プロ (90/3.5),GW680III,25600,,GW680III プロ (90/3.5),0,0,,,0,0,0,,0,0,,14,camera,カメラ,ヤフオク → キタムラ/フジヤ買取,,0.0,L,検索は14件当たったが、本体の落札は180日で0件(部品・互換品・別世代だけ)。仕入れる玉が存在せん,🔵 玉が薄い,19040.0,4
w_gw690iii,GW690III プロ (90/3.5),GW690III,40700,,GW690III プロ (90/3.5),0,0,,,0,0,0,,0,2,170256.5,102,camera,カメラ,ヤフオク → キタムラ/フジヤ買取,,0.0,L,180日で本体が2件しか落ちとらん。玉が薄くて判定できん,🔵 玉が薄い,32630.0,4
w_hs030,LUMIX G MACRO 30/2.8 ASPH./MEGA O.I.S. (H-HS030),HS030,17800,,LUMIX G MACRO 30/2.8 ASPH./MEGA O.I.S. (H-HS030),0,0,,,0,0,0,,0,9,24636.0,60,camera,カメラ,ヤフオク → キタムラ/フジヤ買取,,0.0,L,180日で本体が9件しか落ちとらん。玉が薄くて判定できん,🔵 玉が薄い,12020.0,4
w_hs35100,LUMIX G X VARIO 35-100/2.8 POWER O.I.S. (H-HS35100),HS35100,26300,,LUMIX G X VARIO 35-100/2.8 POWER O.I.S. (H-HS35100),0,0,,,0,0,0,,0,9,55980.0,15,camera,カメラ,ヤフオク → キタムラ/フジヤ買取,,0.0,L,180日で本体が9件しか落ちとらん。玉が薄くて判定できん,🔵 玉が薄い,19670.0,4
w_hsa35100,LUMIX G X VARIO 35-100/2.8 II POWER O.I.S. (H-HSA35100),HSA35100,59000,,LUMIX G X VARIO 35-100/2.8 II POWER O.I.S. (H-HSA35100),0,0,,,0,0,0,,0,3,69000.0,4,camera,カメラ,ヤフオク → キタムラ/フジヤ買取,,0.0,L,180日で本体が3件しか落ちとらん。玉が薄くて判定できん,🔵 玉が薄い,49100.0,4
w_ilce6400m,α6400 高倍率ズームレンズキットブラック ILCE-6400M B【2420万画素】,ILCE-6400M,78000,,α6400 高倍率ズームレンズキットブラック ILCE-6400M B【2420万画素】,0,0,,,0,0,0,,0,7,111100.0,10,camera,カメラ,ヤフオク → キタムラ/フジヤ買取,,0.0,L,180日で本体が7件しか落ちとらん。玉が薄くて判定できん,🔵 玉が薄い,66200.0,4
w_ilce6500m,α6500 高倍率ズームレンズキット ILCE-6500M,ILCE-6500M,81000,,α6500 高倍率ズームレンズキット ILCE-6500M,0,0,,,0,0,0,,0,2,99060.0,2,camera,カメラ,ヤフオク → キタムラ/フジヤ買取,,0.0,L,180日で本体が2件しか落ちとらん。玉が薄くて判定できん,🔵 玉が薄い,68900.0,4
w_ilce6600m,α6600 高倍率ズームレンズキット ILCE-6600M【2420万画素】,ILCE-6600M,107000,,α6600 高倍率ズームレンズキット ILCE-6600M【2420万画素】,0,0,,,0,0,0,,0,5,132000.0,9,camera,カメラ,ヤフオク → キタムラ/フジヤ買取,,0.0,L,180日で本体が5件しか落ちとらん。玉が薄くて判定できん,🔵 玉が薄い,92300.0,4
w_lx75,K-1 Mark II J limited 01 ボディキット LX75 メタリック【3640万画素】,LX75,170000,,K-1 Mark II J limited 01 ボディキット LX75 メタリック【3640万画素】,0,0,,,0,0,0,,0,0,,67,camera,カメラ,ヤフオク → キタムラ/フジヤ買取,,0.0,L,検索は67件当たったが、本体の落札は180日で0件(部品・互換品・別世代だけ)。仕入れる玉が存在せん,🔵 玉が薄い,149000.0,4
w_mf10,F2 DATA  MF-10付,MF-10,45000,,F2 DATA  MF-10付,0,0,,,0,0,0,,0,0,,150,camera,カメラ,ヤフオク → キタムラ/フジヤ買取,,0.0,L,検索は150件当たったが、本体の落札は180日で0件(部品・互換品・別世代だけ)。仕入れる玉が存在せん,🔵 玉が薄い,36500.0,4
w_mk18,MK18-55mm T2.9,MK18,25000,,MK18-55mm T2.9,0,0,,,0,0,0,,0,0,,150,camera,カメラ,ヤフオク → キタムラ/フジヤ買取,,0.0,L,検索は150件当たったが、本体の落札は180日で0件(部品・互換品・別世代だけ)。仕入れる玉が存在せん,🔵 玉が薄い,18500.0,4
w_mkx18,MKX18-55mmT2.9,MKX18,60000,,MKX18-55mmT2.9,0,0,,,0,0,0,,0,0,,2,camera,カメラ,ヤフオク → キタムラ/フジヤ買取,,0.0,L,検索は2件当たったが、本体の落札は180日で0件(部品・互換品・別世代だけ)。仕入れる玉が存在せん,🔵 玉が薄い,50000.0,4
w_mt24ex,MT-24EX マクロツインライト,MT-24EX,17500,,MT-24EX マクロツインライト,0,0,,,0,0,0,,0,1,27000.0,11,camera,カメラ,ヤフオク → キタムラ/フジヤ買取,,0.0,L,180日で本体が1件しか落ちとらん。玉が薄くて判定できん,🔵 玉が薄い,11750.0,4
w_r100500,LUMIX S 100-500mm F5-7.1 O.I.S. [S-R100500],R100500,183000,,LUMIX S 100-500mm F5-7.1 O.I.S. [S-R100500],0,0,,,0,0,0,,0,1,208000.0,2,camera,カメラ,ヤフオク → キタムラ/フジヤ買取,,0.0,L,180日で本体が1件しか落ちとらん。玉が薄くて判定できん,🔵 玉が薄い,160700.0,4
w_r10b,WFT-R10B ワイヤレスファイルトランスミッター,R10B,15000,,WFT-R10B ワイヤレスファイルトランスミッター,0,0,,,0,0,0,,0,1,39140.0,52,camera,カメラ,ヤフオク → キタムラ/フジヤ買取,,0.0,L,180日で本体が1件しか落ちとらん。玉が薄くて判定できん,🔵 玉が薄い,9500.0,4
w_r1428,LUMIX S 14-28mm F4-5.6 MACRO [S-R1428],R1428,60000,,LUMIX S 14-28mm F4-5.6 MACRO [S-R1428],0,0,,,0,0,0,,0,0,,43,camera,カメラ,ヤフオク → キタムラ/フジヤ買取,,0.0,L,検索は43件当たったが、本体の落札は180日で0件(部品・互換品・別世代だけ)。仕入れる玉が存在せん,🔵 玉が薄い,50000.0,4
w_r1635,LUMIX S PRO 16-35/4 S-R1635,R1635,91000,,LUMIX S PRO 16-35/4 S-R1635,0,0,,,0,0,0,,0,1,104800.0,56,camera,カメラ,ヤフオク → キタムラ/フジヤ買取,,0.0,L,180日で本体が1件しか落ちとらん。玉が薄くて判定できん,🔵 玉が薄い,77900.0,4
w_r70200,LUMIX S PRO 70-200/4 O.I.S [S-R70200],R70200,76000,,LUMIX S PRO 70-200/4 O.I.S [S-R70200],0,0,,,0,0,0,,0,4,92269.0,13,camera,カメラ,ヤフオク → キタムラ/フジヤ買取,,0.0,L,180日で本体が4件しか落ちとらん。玉が薄くて判定できん,🔵 玉が薄い,64400.0,4
w_r70300,LUMIX S 70-300/4.5-5.6 MACRO O.I.S.[SーR70300」,R70300,73000,,LUMIX S 70-300/4.5-5.6 MACRO O.I.S.[SーR70300」,0,0,,,0,0,0,,0,6,88980.0,14,camera,カメラ,ヤフオク → キタムラ/フジヤ買取,,0.0,L,180日で本体が6件しか落ちとらん。玉が薄くて判定できん,🔵 玉が薄い,61700.0,4
w_rf135mm,RF135mm F1.8 L IS USM,RF135MM,189000,,RF135mm F1.8 L IS USM,0,0,,,0,0,0,,0,5,229000.0,29,camera,カメラ,ヤフオク → キタムラ/フジヤ買取,,0.0,L,180日で本体が5件しか落ちとらん。玉が薄くて判定できん,🔵 玉が薄い,166100.0,4
w_rf14,RF14-35/4 L IS USM,RF14,141000,,RF14-35/4 L IS USM,0,0,,,0,0,0,,0,0,,472,camera,カメラ,ヤフオク → キタムラ/フジヤ買取,,0.0,L,検索は472件当たったが、本体の落札は180日で0件(部品・互換品・別世代だけ)。仕入れる玉が存在せん,🔵 玉が薄い,122900.0,4
w_rf20mm,RF20mm F1.4 L VCM,RF20MM,165000,,RF20mm F1.4 L VCM,0,0,,,0,0,0,,0,2,206237.0,79,camera,カメラ,ヤフオク → キタムラ/フジヤ買取,,0.0,L,180日で本体が2件しか落ちとらん。玉が薄くて判定できん,🔵 玉が薄い,144500.0,4
w_rf28,RF28-70mm F2.8 IS STM,RF28,130000,,RF28-70mm F2.8 IS STM,0,0,,,0,0,0,,0,6,154750.0,109,camera,カメラ,ヤフオク → キタムラ/フジヤ買取,,0.0,L,180日で本体が6件しか落ちとらん。玉が薄くて判定できん,🔵 玉が薄い,113000.0,4
w_rf28mm,RF28mm F2.8 STM,RF28MM,31000,,RF28mm F2.8 STM,0,0,,,0,0,0,,0,2,69090.0,30,camera,カメラ,ヤフオク → キタムラ/フジヤ買取,,0.0,L,180日で本体が2件しか落ちとらん。玉が薄くて判定できん,🔵 玉が薄い,23900.0,4
w_rf35mm,RF35mm F1.4 L VCM,RF35MM,154000,,RF35mm F1.4 L VCM,0,0,,,0,0,0,,0,1,186010.0,223,camera,カメラ,ヤフオク → キタムラ/フジヤ買取,,0.0,L,180日で本体が1件しか落ちとらん。玉が薄くて判定できん,🔵 玉が薄い,134600.0,4
w_rf50mm,RF50mm F1.4 L VCM,RF50MM,148000,,RF50mm F1.4 L VCM,0,0,,,0,0,0,,0,1,166000.0,486,camera,カメラ,ヤフオク → キタムラ/フジヤ買取,,0.0,L,180日で本体が1件しか落ちとらん。玉が薄くて判定できん,🔵 玉が薄い,129200.0,4
w_rf75,RF75-300mm F4-5.6,RF75,19000,,RF75-300mm F4-5.6,0,0,,,0,0,0,,0,9,26600.0,27,camera,カメラ,ヤフオク → キタムラ/フジヤ買取,,0.0,L,180日で本体が9件しか落ちとらん。玉が薄くて判定できん,🔵 玉が薄い,13100.0,4
w_rf85mm,RF85mm F1.4 L VCM,RF85MM,164000,,RF85mm F1.4 L VCM,0,0,,,0,0,0,,0,4,192500.0,76,camera,カメラ,ヤフオク → キタムラ/フジヤ買取,,0.0,L,180日で本体が4件しか落ちとらん。玉が薄くて判定できん,🔵 玉が薄い,143600.0,4
w_rsa100400,LEICA DG VARIO-ELMAR 100-400mm F4.0-6.3 II ASPH. POWER O.I.S. [H-RSA100400],RSA100400,118000,,LEICA DG VARIO-ELMAR 100-400mm F4.0-6.3 II ASPH. POWER O.I.S. [H-RSA100400],0,0,,,0,0,0,,0,3,150000.0,3,camera,カメラ,ヤフオク → キタムラ/フジヤ買取,,0.0,L,180日で本体が3件しか落ちとらん。玉が薄くて判定できん,🔵 玉が薄い,102200.0,4
w_sal135f28,MF 135/2.8 [T4.5] STF SAL135F28,SAL135F28,45000,,MF 135/2.8 [T4.5] STF SAL135F28,0,0,,,0,0,0,,0,7,48990.0,8,camera,カメラ,ヤフオク → キタムラ/フジヤ買取,,0.0,L,180日で本体が7件しか落ちとらん。玉が薄くて判定できん,🔵 玉が薄い,36500.0,4
w_sal1635z,Vario-Sonnar T* 16-35/2.8 ZA SSM SAL1635Z,SAL1635Z,33000,,Vario-Sonnar T* 16-35/2.8 ZA SSM SAL1635Z,0,0,,,0,0,0,,0,1,50000.0,1,camera,カメラ,ヤフオク → キタムラ/フジヤ買取,,0.0,L,180日で本体が1件しか落ちとらん。玉が薄くて判定できん,🔵 玉が薄い,25700.0,4
w_sal1635z2,Vario-Sonnar T* 16-35/2.8II ZA SSM II SAL1635Z2,SAL1635Z2,61300,,Vario-Sonnar T* 16-35/2.8II ZA SSM II SAL1635Z2,0,0,,,0,0,0,,0,1,78000.0,16,camera,カメラ,ヤフオク → キタムラ/フジヤ買取,,0.0,L,180日で本体が1件しか落ちとらん。玉が薄くて判定できん,🔵 玉が薄い,51170.0,4
w_sal16f28,AF 16/2.8 フィッシュアイ SAL16F28,SAL16F28,18000,,AF 16/2.8 フィッシュアイ SAL16F28,0,0,,,0,0,0,,0,9,30600.0,12,camera,カメラ,ヤフオク → キタムラ/フジヤ買取,,0.0,L,180日で本体が9件しか落ちとらん。玉が薄くて判定できん,🔵 玉が薄い,12200.0,4
w_sal2470z,Vario-Sonnar T* 24-70/2.8 ZA SSM SAL2470Z,SAL2470Z,42000,,Vario-Sonnar T* 24-70/2.8 ZA SSM SAL2470Z,0,0,,,0,0,0,,0,0,,2,camera,カメラ,ヤフオク → キタムラ/フジヤ買取,,0.0,L,検索は2件当たったが、本体の落札は180日で0件(部品・互換品・別世代だけ)。仕入れる玉が存在せん,🔵 玉が薄い,33800.0,4
w_sal2470z2,Vario-Sonnar T* 24-70/2.8II ZA SSM II SAL2470Z2,SAL2470Z2,50000,,Vario-Sonnar T* 24-70/2.8II ZA SSM II SAL2470Z2,0,0,,,0,0,0,,0,3,100000.0,30,camera,カメラ,ヤフオク → キタムラ/フジヤ買取,,0.0,L,180日で本体が3件しか落ちとらん。玉が薄くて判定できん,🔵 玉が薄い,41000.0,4
w_sal300f28g2,300/2.8 G SSM II SAL300F28G2,SAL300F28G2,150000,,300/2.8 G SSM II SAL300F28G2,0,0,,,0,0,0,,0,3,419400.0,4,camera,カメラ,ヤフオク → キタムラ/フジヤ買取,,0.0,L,180日で本体が3件しか落ちとらん。玉が薄くて判定できん,🔵 玉が薄い,131000.0,4
w_sal35f14g,35/1.4G SAL35F14G,SAL35F14G,25000,,35/1.4G SAL35F14G,0,0,,,0,0,0,,0,2,53000.0,6,camera,カメラ,ヤフオク → キタムラ/フジヤ買取,,0.0,L,180日で本体が2件しか落ちとらん。玉が薄くて判定できん,🔵 玉が薄い,18500.0,4
w_sal70200g,70-200/2.8G SAL70200G,SAL70200G,65000,,70-200/2.8G SAL70200G,0,0,,,0,0,0,,0,0,,1,camera,カメラ,ヤフオク → キタムラ/フジヤ買取,,0.0,L,検索は1件当たったが、本体の落札は180日で0件(部品・互換品・別世代だけ)。仕入れる玉が存在せん,🔵 玉が薄い,54500.0,4
w_sal70300g2,70-300/4.5-5.6 G SSM II SAL70300G2,SAL70300G2,27000,,70-300/4.5-5.6 G SSM II SAL70300G2,0,0,,,0,0,0,,0,3,50116.0,5,camera,カメラ,ヤフオク → キタムラ/フジヤ買取,,0.0,L,180日で本体が3件しか落ちとらん。玉が薄くて判定できん,🔵 玉が薄い,20300.0,4
w_sel100m28g,FE 100mm F2.8 Macro GM OSS [SEL100M28G],SEL100M28G,118000,,FE 100mm F2.8 Macro GM OSS [SEL100M28G],0,0,,,0,0,0,,0,0,,1,camera,カメラ,ヤフオク → キタムラ/フジヤ買取,,0.0,L,検索は1件当たったが、本体の落札は180日で0件(部品・互換品・別世代だけ)。仕入れる玉が存在せん,🔵 玉が薄い,102200.0,4
w_sel28702,FE 28-70mm F3.5-5.6 OSS II [SEL28702],SEL28702,22000,,FE 28-70mm F3.5-5.6 OSS II [SEL28702],0,0,,,0,0,0,,0,8,30550.0,10,camera,カメラ,ヤフオク → キタムラ/フジヤ買取,,0.0,L,180日で本体が8件しか落ちとらん。玉が薄くて判定できん,🔵 玉が薄い,15800.0,4
w_selp18200,E PZ 18-200/3.5-6.3 OSS SELP18200,SELP18200,46000,,E PZ 18-200/3.5-6.3 OSS SELP18200,0,0,,,0,0,0,,0,4,59900.0,11,camera,カメラ,ヤフオク → キタムラ/フジヤ買取,,0.0,L,180日で本体が4件しか落ちとらん。玉が薄くて判定できん,🔵 玉が薄い,37400.0,4
w_selp28135g,FE PZ 28-135/4 G OSS SELP28135G,SELP28135G,139000,,FE PZ 28-135/4 G OSS SELP28135G,0,0,,,0,0,0,,0,4,188000.0,7,camera,カメラ,ヤフオク → キタムラ/フジヤ買取,,0.0,L,180日で本体が4件しか落ちとらん。玉が薄くて判定できん,🔵 玉が薄い,121100.0,4
w_sog10,Xperia1 V SOG10,SOG10,38000,,Xperia1 V SOG10,0,0,,,0,0,0,,0,2,50950.0,136,camera,カメラ,ヤフオク → キタムラ/フジヤ買取,,0.0,L,180日で本体が2件しか落ちとらん。玉が薄くて判定できん,🔵 玉が薄い,30200.0,4
w_sog14,Xperia10 VI SOG14,SOG14,25000,,Xperia10 VI SOG14,0,0,,,0,0,0,,0,7,30280.0,37,camera,カメラ,ヤフオク → キタムラ/フジヤ買取,,0.0,L,180日で本体が7件しか落ちとらん。玉が薄くて判定できん,🔵 玉が薄い,18500.0,4
w_stc14,DMW-STC14 Lマウントシステム対応テレコンバーター,STC14,16100,,DMW-STC14 Lマウントシステム対応テレコンバーター,0,0,,,0,0,0,,0,0,,13,camera,カメラ,ヤフオク → キタムラ/フジヤ買取,,0.0,L,検索は13件当たったが、本体の落札は180日で0件(部品・互換品・別世代だけ)。仕入れる玉が存在せん,🔵 玉が薄い,10490.0,4
w_stc20,DMW-STC20 2.0x テレコンバーター,STC20,22000,,DMW-STC20 2.0x テレコンバーター,0,0,,,0,0,0,,0,0,,95,camera,カメラ,ヤフオク → キタムラ/フジヤ買取,,0.0,L,検索は95件当たったが、本体の落札は180日で0件(部品・互換品・別世代だけ)。仕入れる玉が存在せん,🔵 玉が薄い,15800.0,4
w_tc14,DMW-TC14 1.4倍テレコンバーター,TC14,40000,,DMW-TC14 1.4倍テレコンバーター,0,0,,,0,0,0,,0,0,,150,camera,カメラ,ヤフオク → キタムラ/フジヤ買取,,0.0,L,検索は150件当たったが、本体の落札は180日で0件(部品・互換品・別世代だけ)。仕入れる玉が存在せん,🔵 玉が薄い,32000.0,4
w_tc1411,TC-1411 ライカSL・TL用 マウント用テレコンバーター,TC-1411,19000,,TC-1411 ライカSL・TL用 マウント用テレコンバーター,0,0,,,0,0,0,,0,1,36200.0,1,camera,カメラ,ヤフオク → キタムラ/フジヤ買取,,0.0,L,180日で本体が1件しか落ちとらん。玉が薄くて判定できん,🔵 玉が薄い,13100.0,4
w_tc20,DMW-TC20 2.0倍テレコンバーター,TC20,19800,,DMW-TC20 2.0倍テレコンバーター,0,0,,,0,0,0,,0,1,34860.0,138,camera,カメラ,ヤフオク → キタムラ/フジヤ買取,,0.0,L,180日で本体が1件しか落ちとらん。玉が薄くて判定できん,🔵 玉が薄い,13820.0,4
w_tc2011,TC-2011 ライカSL・TL用 マウント用テレコンバーター,TC-2011,15900,,TC-2011 ライカSL・TL用 マウント用テレコンバーター,0,0,,,0,0,0,,0,3,29980.0,16,camera,カメラ,ヤフオク → キタムラ/フジヤ買取,,0.0,L,180日で本体が3件しか落ちとらん。玉が薄くて判定できん,🔵 玉が薄い,10310.0,4
w_tc20a,DMW-TC20A 2.0倍テレコンバーター,TC20A,22300,,DMW-TC20A 2.0倍テレコンバーター,0,0,,,0,0,0,,0,0,,138,camera,カメラ,ヤフオク → キタムラ/フジヤ買取,,0.0,L,検索は138件当たったが、本体の落札は180日で0件(部品・互換品・別世代だけ)。仕入れる玉が存在せん,🔵 玉が薄い,16070.0,4
w_type00,Q10 エヴァンゲリオンモデル TYPE00:レイ【1240万画素】,TYPE00,21000,,Q10 エヴァンゲリオンモデル TYPE00:レイ【1240万画素】,0,0,,,0,0,0,,0,0,,146,camera,カメラ,ヤフオク → キタムラ/フジヤ買取,,0.0,L,検索は146件当たったが、本体の落札は180日で0件(部品・互換品・別世代だけ)。仕入れる玉が存在せん,🔵 玉が薄い,14900.0,4
w_type01,Q10 エヴァンゲリオンモデル TYPE01:初号機【1240万画素】,TYPE01,21000,,Q10 エヴァンゲリオンモデル TYPE01:初号機【1240万画素】,0,0,,,0,0,0,,0,0,,144,camera,カメラ,ヤフオク → キタムラ/フジヤ買取,,0.0,L,検索は144件当たったが、本体の落札は180日で0件(部品・互換品・別世代だけ)。仕入れる玉が存在せん,🔵 玉が薄い,14900.0,4
w_type02,Q10 エヴァンゲリオンモデル TYPE02:アスカ【1240万画素】,TYPE02,21000,,Q10 エヴァンゲリオンモデル TYPE02:アスカ【1240万画素】,0,0,,,0,0,0,,0,0,,140,camera,カメラ,ヤフオク → キタムラ/フジヤ買取,,0.0,L,検索は140件当たったが、本体の落札は180日で0件(部品・互換品・別世代だけ)。仕入れる玉が存在せん,🔵 玉が薄い,14900.0,4
w_ux180,AG-UX180 4Kメモリーカード・カメラレコーダー,UX180,40000,,AG-UX180 4Kメモリーカード・カメラレコーダー,0,0,,,0,0,0,,0,6,134000.0,64,camera,カメラ,ヤフオク → キタムラ/フジヤ買取,,0.0,L,180日で本体が6件しか落ちとらん。玉が薄くて判定できん,🔵 玉が薄い,32000.0,4
w_vg20,NEX-VG20 Body,VG20,15300,,NEX-VG20 Body,0,0,,,0,0,0,,0,2,20850.0,141,camera,カメラ,ヤフオク → キタムラ/フジヤ買取,,0.0,L,180日で本体が2件しか落ちとらん。玉が薄くて判定できん,🔵 玉が薄い,9770.0,4
w_vg20h,NEX-VG20H (E18-200付),VG20H,23100,,NEX-VG20H (E18-200付),0,0,,,0,0,0,,0,3,31500.0,30,camera,カメラ,ヤフオク → キタムラ/フジヤ買取,,0.0,L,180日で本体が3件しか落ちとらん。玉が薄くて判定できん,🔵 玉が薄い,16790.0,4
w_vg900,NEX-VG900,VG900,37700,,NEX-VG900,0,0,,,0,0,0,,0,1,56222.0,61,camera,カメラ,ヤフオク → キタムラ/フジヤ買取,,0.0,L,180日で本体が1件しか落ちとらん。玉が薄くて判定できん,🔵 玉が薄い,29930.0,4
w_vzx990m,HC-VZX990M-W ホワイト,VZX990M,15300,,HC-VZX990M-W ホワイト,0,0,,,0,0,0,,0,6,43000.0,13,camera,カメラ,ヤフオク → キタムラ/フジヤ買取,,0.0,L,180日で本体が6件しか落ちとらん。玉が薄くて判定できん,🔵 玉が薄い,9770.0,4
w_x012,LEICA DG SUMMILUX 12/1.4 ASPH. (H-X012),X012,63000,,LEICA DG SUMMILUX 12/1.4 ASPH. (H-X012),0,0,,,0,0,0,,0,7,85000.0,62,camera,カメラ,ヤフオク → キタムラ/フジヤ買取,,0.0,L,180日で本体が7件しか落ちとらん。玉が薄くて判定できん,🔵 玉が薄い,52700.0,4
w_x1000,HC-X1000-K (ブラック),X1000,42000,,HC-X1000-K (ブラック),0,0,,,0,0,0,,0,0,,150,camera,カメラ,ヤフオク → キタムラ/フジヤ買取,,0.0,L,検索は150件当たったが、本体の落札は180日で0件(部品・互換品・別世代だけ)。仕入れる玉が存在せん,🔵 玉が薄い,33800.0,4
w_x1025,LEICA DG VARIO-SUMMILUX 10-25/1.7 ASPH. [H-X1025],X1025,114000,,LEICA DG VARIO-SUMMILUX 10-25/1.7 ASPH. [H-X1025],0,0,,,0,0,0,,0,4,146500.0,100,camera,カメラ,ヤフオク → キタムラ/フジヤ買取,,0.0,L,180日で本体が4件しか落ちとらん。玉が薄くて判定できん,🔵 玉が薄い,98600.0,4
w_x2000,HC-X2000-K ブラック,X2000,140000,,HC-X2000-K ブラック,0,0,,,0,0,0,,0,0,,499,camera,カメラ,ヤフオク → キタムラ/フジヤ買取,,0.0,L,検索は499件当たったが、本体の落札は180日で0件(部品・互換品・別世代だけ)。仕入れる玉が存在せん,🔵 玉が薄い,122000.0,4
w_x2100,HC-X2100,X2100,167000,,HC-X2100,0,0,,,0,0,0,,0,1,241800.0,397,camera,カメラ,ヤフオク → キタムラ/フジヤ買取,,0.0,L,180日で本体が1件しか落ちとらん。玉が薄くて判定できん,🔵 玉が薄い,146300.0,4
w_x2550,DG VARIO-SUMMILUX 25-50/1.7 ASPH.[H-X2550],X2550,132000,,DG VARIO-SUMMILUX 25-50/1.7 ASPH.[H-X2550],0,0,,,0,0,0,,0,3,157000.0,74,camera,カメラ,ヤフオク → キタムラ/フジヤ買取,,0.0,L,180日で本体が3件しか落ちとらん。玉が薄くて判定できん,🔵 玉が薄い,114800.0,4
w_x3000,FDR-X3000 ボディ,X3000,15800,,FDR-X3000 ボディ,0,0,,,0,0,0,,0,1,25200.0,134,camera,カメラ,ヤフオク → キタムラ/フジヤ買取,,0.0,L,180日で本体が1件しか落ちとらん。玉が薄くて判定できん,🔵 玉が薄い,10220.0,4
w_x3000r,FDR-X3000R リモコンキット,X3000R,23000,,FDR-X3000R リモコンキット,0,0,,,0,0,0,,0,1,40000.0,150,camera,カメラ,ヤフオク → キタムラ/フジヤ買取,,0.0,L,180日で本体が1件しか落ちとらん。玉が薄くて判定できん,🔵 玉が薄い,16700.0,4
w_xa10,XA10,XA10,21700,,XA10,0,0,,,0,0,0,,0,5,46200.0,129,camera,カメラ,ヤフオク → キタムラ/フジヤ買取,,0.0,L,180日で本体が5件しか落ちとらん。玉が薄くて判定できん,🔵 玉が薄い,15530.0,4
w_xa30,XA30,XA30,27000,,XA30,0,0,,,0,0,0,,0,4,58483.5,116,camera,カメラ,ヤフオク → キタムラ/フジヤ買取,,0.0,L,180日で本体が4件しか落ちとらん。玉が薄くて判定できん,🔵 玉が薄い,20300.0,4
w_xa35,XA35,XA35,29100,,XA35,0,0,,,0,0,0,,0,8,45500.0,23,camera,カメラ,ヤフオク → キタムラ/フジヤ買取,,0.0,L,180日で本体が8件しか落ちとらん。玉が薄くて判定できん,🔵 玉が薄い,22190.0,4
w_xa60,業務用4Kビデオカメラ XA60,XA60,128000,,業務用4Kビデオカメラ XA60,0,0,,,0,0,0,,0,0,,30,camera,カメラ,ヤフオク → キタムラ/フジヤ買取,,0.0,L,検索は30件当たったが、本体の落札は180日で0件(部品・互換品・別世代だけ)。仕入れる玉が存在せん,🔵 玉が薄い,111200.0,4
w_xa70,業務用4Kビデオカメラ XA70,XA70,153000,,業務用4Kビデオカメラ XA70,0,0,,,0,0,0,,0,0,,5,camera,カメラ,ヤフオク → キタムラ/フジヤ買取,,0.0,L,検索は5件当たったが、本体の落札は180日で0件(部品・互換品・別世代だけ)。仕入れる玉が存在せん,🔵 玉が薄い,133700.0,4
w_xc10,XC10,XC10,43200,,XC10,0,0,,,0,0,0,,0,5,61700.0,71,camera,カメラ,ヤフオク → キタムラ/フジヤ買取,,0.0,L,180日で本体が5件しか落ちとらん。玉が薄くて判定できん,🔵 玉が薄い,34880.0,4
w_xf100,業務用ビデオカメラ XF100,XF100,36900,,業務用ビデオカメラ XF100,0,0,,,0,0,0,,0,2,50160.0,140,camera,カメラ,ヤフオク → キタムラ/フジヤ買取,,0.0,L,180日で本体が2件しか落ちとらん。玉が薄くて判定できん,🔵 玉が薄い,29210.0,4
w_xf105,業務用ビデオカメラ XF105,XF105,40500,,業務用ビデオカメラ XF105,0,0,,,0,0,0,,0,5,42350.0,30,camera,カメラ,ヤフオク → キタムラ/フジヤ買取,,0.0,L,180日で本体が5件しか落ちとらん。玉が薄くて判定できん,🔵 玉が薄い,32450.0,4
w_xf150,XF150-600mm F5.6-8 R LM OIS WR,XF150,155000,,XF150-600mm F5.6-8 R LM OIS WR,0,0,,,0,0,0,,0,1,225800.0,79,camera,カメラ,ヤフオク → キタムラ/フジヤ買取,,0.0,L,180日で本体が1件しか落ちとらん。玉が薄くて判定できん,🔵 玉が薄い,135500.0,4
w_xf205,業務用ビデオカメラ XF205,XF205,46400,,業務用ビデオカメラ XF205,0,0,,,0,0,0,,0,3,60000.0,18,camera,カメラ,ヤフオク → キタムラ/フジヤ買取,,0.0,L,180日で本体が3件しか落ちとらん。玉が薄くて判定できん,🔵 玉が薄い,37760.0,4
w_xf305,業務用ビデオカメラ XF305,XF305,82800,,業務用ビデオカメラ XF305,0,0,,,0,0,0,,0,0,,20,camera,カメラ,ヤフオク → キタムラ/フジヤ買取,,0.0,L,検索は20件当たったが、本体の落札は180日で0件(部品・互換品・別世代だけ)。仕入れる玉が存在せん,🔵 玉が薄い,70520.0,4
w_xf405,業務用4Kビデオカメラ XF405,XF405,95000,,業務用4Kビデオカメラ XF405,0,0,,,0,0,0,,0,1,126000.0,10,camera,カメラ,ヤフオク → キタムラ/フジヤ買取,,0.0,L,180日で本体が1件しか落ちとらん。玉が薄くて判定できん,🔵 玉が薄い,81500.0,4
w_z10000,HDC-Z10000-K,Z10000,30700,,HDC-Z10000-K,0,0,,,0,0,0,,0,0,,149,camera,カメラ,ヤフオク → キタムラ/フジヤ買取,,0.0,L,検索は149件当たったが、本体の落札は180日で0件(部品・互換品・別世代だけ)。仕入れる玉が存在せん,🔵 玉が薄い,23630.0,4
w_z190,XDCAM PXW-Z190,Z190,227000,,XDCAM PXW-Z190,0,0,,,1,0,0,0.0,0,3,250000.0,119,camera,カメラ,ヤフオク → キタムラ/フジヤ買取,,0.0,L,180日で本体が3件しか落ちとらん。玉が薄くて判定できん,🔵 玉が薄い,200300.0,4
x100v,X100V ブラック【2610万画素】,X100V,182000,,X100V ブラック【2610万画素】,0,0,,,0,0,0,,0,4,198950.0,1000,camera,カメラ,ヤフオク → キタムラ/フジヤ買取,,0.0,L,180日で本体が4件しか落ちとらん。玉が薄くて判定できん,🔵 玉が薄い,159800.0,4
ac30hw,VOX AC30 ハンドワイヤード,VOX AC30 ハンドワイヤード,68000,コンボアンプ,,0,0,,,0,0,0,,0,1,100000.0,1,gakki,楽器,ヤフオク → イシバシ/島村買取,,0.0,L,180日で本体が1件しか落ちとらん。玉が薄くて判定できん,🔵 玉が薄い,56200.0,4
altus_a1407,アルタス A1407,アルタス A1407,250000,フルート,,0,0,,,0,0,0,,0,0,,200,gakki,楽器,ヤフオク → イシバシ/島村買取,,0.0,L,検索は200件当たったが、本体の落札は180日で0件(部品・互換品・別世代だけ)。仕入れる玉が存在せん,🔵 玉が薄い,220000.0,4
axefx3,Fractal Axe-FX III,Fractal Axe-FX III,130000,Gプリアンプ/シミュレーター,,0,0,,,0,0,0,,0,2,204540.0,5,gakki,楽器,ヤフオク → イシバシ/島村買取,,0.0,L,180日で本体が2件しか落ちとらん。玉が薄くて判定できん,🔵 玉が薄い,112000.0,4
bach190ml37,バック 190ML37,バック 190ML37,225000,トランペット,,0,0,,,0,0,0,,0,0,,201,gakki,楽器,ヤフオク → イシバシ/島村買取,,0.0,L,検索は201件当たったが、本体の落札は180日で0件(部品・互換品・別世代だけ)。仕入れる玉が存在せん,🔵 玉が薄い,197500.0,4
fantom08,ROLAND FANTOM-08,ROLAND FANTOM-08,90000,88鍵盤以下,,0,0,,,1,0,1,0.0,0,5,140000.0,8,gakki,楽器,ヤフオク → イシバシ/島村買取,,0.0,L,180日で本体が5件しか落ちとらん。玉が薄くて判定できん,🔵 玉が薄い,76000.0,4
fantom6,ROLAND FANTOM-6,ROLAND FANTOM-6,140000,61鍵盤以下,,0,0,,,0,0,0,,0,6,239550.5,6,gakki,楽器,ヤフオク → イシバシ/島村買取,,0.0,L,180日で本体が6件しか落ちとらん。玉が薄くて判定できん,🔵 玉が薄い,121000.0,4
fantom7,ROLAND FANTOM-7,ROLAND FANTOM-7,160000,76鍵盤以下,,0,0,,,0,0,0,,0,4,232625.5,4,gakki,楽器,ヤフオク → イシバシ/島村買取,,0.0,L,180日で本体が4件しか落ちとらん。玉が薄くて判定できん,🔵 玉が薄い,139000.0,4
fender_acoustasonic_tele,Fender American Acoustasonic Telecaster,Fender American Acoustasonic Telecaster,118000,テレキャスタータイプ,,0,0,,,0,0,0,,0,9,159800.0,11,gakki,楽器,ヤフオク → イシバシ/島村買取,,0.0,L,180日で本体が9件しか落ちとらん。玉が薄くて判定できん,🔵 玉が薄い,101200.0,4
fender_amp2_jb,Fender American Professional II ジャズベース,Fender American Professional II ジャズベース,115000,ジャズベースタイプ,,0,0,,,0,0,0,,0,7,168762.0,7,gakki,楽器,ヤフオク → イシバシ/島村買取,,0.0,L,180日で本体が7件しか落ちとらん。玉が薄くて判定できん,🔵 玉が薄い,98500.0,4
fender_amp2_st,Fender American Professional II ストラトキャスター,Fender American Professional II ストラトキャスター,118000,ストラトキャスタータイプ,,0,0,,,1,0,0,0.0,0,7,165500.0,11,gakki,楽器,ヤフオク → イシバシ/島村買取,,0.0,L,180日で本体が7件しか落ちとらん。玉が薄くて判定できん,🔵 玉が薄い,101200.0,4
fender_ultra2_st,Fender American Ultra II ストラトキャスター,Fender American Ultra II ストラトキャスター,165000,ストラトキャスタータイプ,,0,0,,,0,0,0,,0,1,254000.0,2,gakki,楽器,ヤフオク → イシバシ/島村買取,,0.0,L,180日で本体が1件しか落ちとらん。玉が薄くて判定できん,🔵 玉が薄い,143500.0,4
ibanez_rg5170b,Ibanez RG5170B Prestige,Ibanez RG5170B Prestige,118000,ソロイスト/ディンキータイプ,,0,0,,,0,0,0,,0,1,210000.0,198,gakki,楽器,ヤフオク → イシバシ/島村買取,,0.0,L,180日で本体が1件しか落ちとらん。玉が薄くて判定できん,🔵 玉が薄い,101200.0,4
jupiter_x,ROLAND JUPITER-X,ROLAND JUPITER-X,120000,アナログMシンセ,,0,0,,,0,0,0,,0,2,201113.0,23,gakki,楽器,ヤフオク → イシバシ/島村買取,,0.0,L,180日で本体が2件しか落ちとらん。玉が薄くて判定できん,🔵 玉が薄い,103000.0,4
kemper_powerhead,Kemper Profiler PowerHead,Kemper Profiler PowerHead,68000,Gプリアンプ/シミュレーター,,0,0,,,0,0,0,,0,2,112500.0,3,gakki,楽器,ヤフオク → イシバシ/島村買取,,0.0,L,180日で本体が2件しか落ちとらん。玉が薄くて判定できん,🔵 玉が薄い,56200.0,4
kronos2_61,KORG KRONOS2 61,KORG KRONOS2 61,120000,61鍵盤以下,,0,0,,,0,0,0,,0,8,199550.0,9,gakki,楽器,ヤフオク → イシバシ/島村買取,,0.0,L,180日で本体が8件しか落ちとらん。玉が薄くて判定できん,🔵 玉が薄い,103000.0,4
kronos2_88,KORG KRONOS 88,KORG KRONOS 88,141000,88鍵盤以下,,0,0,,,0,0,0,,0,6,190500.0,11,gakki,楽器,ヤフオク → イシバシ/島村買取,,0.0,L,180日で本体が6件しか落ちとらん。玉が薄くて判定できん,🔵 玉が薄い,121900.0,4
minilogue_xd,KORG minilogue xd,KORG minilogue xd,28000,アナログシンセ,,0,0,,,0,0,0,,0,9,64900.0,17,gakki,楽器,ヤフオク → イシバシ/島村買取,,0.0,L,180日で本体が9件しか落ちとらん。玉が薄くて判定できん,🔵 玉が薄い,20200.0,4
minimoog_d,Minimoog Model D,Minimoog Model D,320000,アナログシンセ,,0,0,,,0,0,0,,0,0,,6,gakki,楽器,ヤフオク → イシバシ/島村買取,,0.0,L,検索は6件当たったが、本体の落札は180日で0件(部品・互換品・別世代だけ)。仕入れる玉が存在せん,🔵 玉が薄い,283000.0,4
montage8,YAMAHA MONTAGE8,YAMAHA MONTAGE8,140000,88鍵盤以下,,0,0,,,0,0,0,,0,1,261800.0,3,gakki,楽器,ヤフオク → イシバシ/島村買取,,0.0,L,180日で本体が1件しか落ちとらん。玉が薄くて判定できん,🔵 玉が薄い,121000.0,4
montage_m6,YAMAHA MONTAGE M6,YAMAHA MONTAGE M6,180000,61鍵盤以下,,0,0,,,0,0,0,,0,1,351000.0,1,gakki,楽器,ヤフオク → イシバシ/島村買取,,0.0,L,180日で本体が1件しか落ちとらん。玉が薄くて判定できん,🔵 玉が薄い,157000.0,4
motif_xf8,YAMAHA MOTIF XF8,YAMAHA MOTIF XF8,84000,88鍵盤以下,,0,0,,,0,0,0,,0,0,,6,gakki,楽器,ヤフオク → イシバシ/島村買取,,0.0,L,検索は6件当たったが、本体の落札は180日で0件(部品・互換品・別世代だけ)。仕入れる玉が存在せん,🔵 玉が薄い,70600.0,4
nordelectro6d73,Nord Electro 6,Nord Electro 6,140000,オルガン,,0,0,,,1,0,1,0.0,0,4,190000.0,6,gakki,楽器,ヤフオク → イシバシ/島村買取,,0.0,L,180日で本体が4件しか落ちとらん。玉が薄くて判定できん,🔵 玉が薄い,121000.0,4
nordstage3_88,Nord Stage 3 88,Nord Stage 3 88,170000,88鍵盤以下,,0,0,,,0,0,0,,0,1,381000.0,1,gakki,楽器,ヤフオク → イシバシ/島村買取,,0.0,L,180日で本体が1件しか落ちとらん。玉が薄くて判定できん,🔵 玉が薄い,148000.0,4
nordstage4_88,Nord Stage 4,Nord Stage 4,330000,88鍵盤以下,,0,0,,,0,0,0,,0,0,,197,gakki,楽器,ヤフオク → イシバシ/島村買取,,0.0,L,検索は197件当たったが、本体の落札は180日で0件(部品・互換品・別世代だけ)。仕入れる玉が存在せん,🔵 玉が薄い,292000.0,4
prophet6,Prophet-6 シンセサイザー,Prophet-6 シンセサイザー,170000,アナログシンセ,,0,0,,,0,0,0,,0,2,400400.0,200,gakki,楽器,ヤフオク → イシバシ/島村買取,,0.0,L,180日で本体が2件しか落ちとらん。玉が薄くて判定できん,🔵 玉が薄い,148000.0,4
sankyo_ag,三響 フルート ハンドメイド,三響 フルート ハンドメイド,315000,フルート,,0,0,,,0,0,0,,0,0,,256,gakki,楽器,ヤフオク → イシバシ/島村買取,,0.0,L,検索は256件当たったが、本体の落札は180日で0件(部品・互換品・別世代だけ)。仕入れる玉が存在せん,🔵 玉が薄い,278500.0,4
selmer_s3_a,セルマー シリーズ3 アルトサックス,セルマー シリーズ3 アルトサックス,270000,アルトサックス,,0,0,,,0,0,0,,0,5,360000.0,10,gakki,楽器,ヤフオク → イシバシ/島村買取,,0.0,L,180日で本体が5件しか落ちとらん。玉が薄くて判定できん,🔵 玉が薄い,238000.0,4
subsequent37,MOOG Subsequent 37,MOOG Subsequent 37,128000,アナログシンセ,,0,0,,,0,0,0,,0,5,252000.0,6,gakki,楽器,ヤフオク → イシバシ/島村買取,,0.0,L,180日で本体が5件しか落ちとらん。玉が薄くて判定できん,🔵 玉が薄い,110200.0,4
yanagisawa_a9937,ヤナギサワ A-9937,ヤナギサワ A-9937,470000,アルトサックス,,0,0,,,0,0,0,,0,1,860000.0,1,gakki,楽器,ヤフオク → イシバシ/島村買取,,0.0,L,180日で本体が1件しか落ちとらん。玉が薄くて判定できん,🔵 玉が薄い,418000.0,4
yfl372,YFL-372 フルート,YFL-372 フルート,38000,フルート,,0,0,,,0,0,0,,0,2,105000.0,3,gakki,楽器,ヤフオク → イシバシ/島村買取,,0.0,L,180日で本体が2件しか落ちとらん。玉が薄くて判定できん,🔵 玉が薄い,29200.0,4
yfl517,YFL-517 フルート,YFL-517 フルート,70000,フルート,,0,0,,,0,0,0,,0,5,104000.0,9,gakki,楽器,ヤフオク → イシバシ/島村買取,,0.0,L,180日で本体が5件しか落ちとらん。玉が薄くて判定できん,🔵 玉が薄い,58000.0,4
yfl577,YFL-577 フルート,YFL-577 フルート,75000,フルート,,0,0,,,0,0,0,,0,1,220000.0,201,gakki,楽器,ヤフオク → イシバシ/島村買取,,0.0,L,180日で本体が1件しか落ちとらん。玉が薄くて判定できん,🔵 玉が薄い,62500.0,4
yfl617,YFL-617 フルート,YFL-617 フルート,100000,フルート,,0,0,,,0,0,0,,0,1,228000.0,1,gakki,楽器,ヤフオク → イシバシ/島村買取,,0.0,L,180日で本体が1件しか落ちとらん。玉が薄くて判定できん,🔵 玉が薄い,85000.0,4
ytr8335rs,YTR-8335RS,YTR-8335RS,120000,トランペット,,0,0,,,0,0,0,,0,8,232122.0,9,gakki,楽器,ヤフオク → イシバシ/島村買取,,0.0,L,180日で本体が8件しか落ちとらん。玉が薄くて判定できん,🔵 玉が薄い,103000.0,4
a036,28-75/2.8 ソニーE Di III RXD (A036),タムロン A036,43000,,28-75/2.8 ソニーE Di III RXD (A036),0,0,,,0,0,0,,0,42,55911.0,57,camera,カメラ,ヤフオク → キタムラ/フジヤ買取,,0.0,N,180日で本体が42件落ちたが、買取を超える安値は1件も出んかった。母集団は厚いのにスプレッドが立たん,⚫ スプレッド無し,34700.0,5
a7m3,α7 III ボディ ILCE-7M3【2420万画素】,ILCE-7M3,72000,,α7 III ボディ ILCE-7M3【2420万画素】,0,0,,,7,1,6,12300.0,0,368,112000.0,543,camera,カメラ,ヤフオク → キタムラ/フジヤ買取,,0.0,N,180日で本体が368件落ちたが、買取を超える安値は1件も出んかった。母集団は厚いのにスプレッドが立たん,⚫ スプレッド無し,60800.0,5
afs70200fl,AF-S 70-200/2.8E FL ED VR,AF-S 70-200 FL,108000,,AF-S 70-200/2.8E FL ED VR,0,0,,,0,0,0,,0,31,152000.0,57,camera,カメラ,ヤフオク → キタムラ/フジヤ買取,,0.0,N,180日で本体が31件落ちたが、買取を超える安値は1件も出んかった。母集団は厚いのにスプレッドが立たん,⚫ スプレッド無し,93200.0,5
d850,D850 ボディ【4575万画素】,ニコン D850,120000,,D850 ボディ【4575万画素】,0,0,,,1,0,1,0.0,0,160,174674.0,467,camera,カメラ,ヤフオク → キタムラ/フジヤ買取,,0.0,N,180日で本体が160件落ちたが、買取を超える安値は1件も出んかった。母集団は厚いのにスプレッドが立たん,⚫ スプレッド無し,104000.0,5
dgdn2470e,24-70/2.8 ソニーE/フルサイズ対応 DG DN Art,シグマ 24-70 DG DN,77000,,24-70/2.8 ソニーE/フルサイズ対応 DG DN Art,0,0,,,0,0,0,,0,48,102900.0,119,camera,カメラ,ヤフオク → キタムラ/フジヤ買取,,0.0,N,180日で本体が48件落ちたが、買取を超える安値は1件も出んかった。母集団は厚いのにスプレッドが立たん,⚫ スプレッド無し,65300.0,5
eos5d4,EOS 5D Mark IV ボディ【3040万画素】,5D Mark IV,91000,,EOS 5D Mark IV ボディ【3040万画素】,0,0,,,2,2,0,37900.0,0,210,116640.0,551,camera,カメラ,ヤフオク → キタムラ/フジヤ買取,,0.0,N,180日で本体が210件落ちたが、買取を超える安値は1件も出んかった。母集団は厚いのにスプレッドが立たん,⚫ スプレッド無し,77900.0,5
sel2470gm,FE 24-70/2.8 GM SEL2470GM,SEL2470GM,121000,,FE 24-70/2.8 GM SEL2470GM,0,0,,,1,0,1,0.0,0,71,140000.0,215,camera,カメラ,ヤフオク → キタムラ/フジヤ買取,,0.0,N,180日で本体が71件落ちたが、買取を超える安値は1件も出んかった。母集団は厚いのにスプレッドが立たん,⚫ スプレッド無し,104900.0,5
sel70200gm,FE 70-200/2.8 GM OSS SEL70200GM,SEL70200GM,120000,,FE 70-200/2.8 GM OSS SEL70200GM,0,0,,,1,0,1,0.0,0,35,171000.0,130,camera,カメラ,ヤフオク → キタムラ/フジヤ買取,,0.0,N,180日で本体が35件落ちたが、買取を超える安値は1件も出んかった。母集団は厚いのにスプレッドが立たん,⚫ スプレッド無し,104000.0,5
sel85f18,FE 85/1.8 SEL85F18,SEL85F18,35000,,FE 85/1.8 SEL85F18,0,0,,,1,0,1,0.0,0,113,43000.0,139,camera,カメラ,ヤフオク → キタムラ/フジヤ買取,,0.0,N,180日で本体が113件落ちたが、買取を超える安値は1件も出んかった。母集団は厚いのにスプレッドが立たん,⚫ スプレッド無し,27500.0,5
w_a065,70-180mm F/2.8 Di III VC VXD G2 ソニーEマウント用 (Model A065),A065,92000,,70-180mm F/2.8 Di III VC VXD G2 ソニーEマウント用 (Model A065),0,0,,,0,0,0,,0,12,118299.5,474,camera,カメラ,ヤフオク → キタムラ/フジヤ買取,,0.0,N,180日で本体が12件落ちたが、買取を超える安値は1件も出んかった。母集団は厚いのにスプレッドが立たん,⚫ スプレッド無し,78800.0,5
w_a071,28-200/2.8-5.6 ソニーE Di III RXD(A071),A071,30000,,28-200/2.8-5.6 ソニーE Di III RXD(A071),0,0,,,0,0,0,,0,19,55000.0,149,camera,カメラ,ヤフオク → キタムラ/フジヤ買取,,0.0,N,180日で本体が19件落ちたが、買取を超える安値は1件も出んかった。母集団は厚いのにスプレッドが立たん,⚫ スプレッド無し,23000.0,5
w_a075,25-200mm F/2.8-5.6 Di III VXD G2 ソニーEマウント用(Model A075),A075,75000,,25-200mm F/2.8-5.6 Di III VXD G2 ソニーEマウント用(Model A075),0,0,,,0,0,0,,0,18,98200.0,474,camera,カメラ,ヤフオク → キタムラ/フジヤ買取,,0.0,N,180日で本体が18件落ちたが、買取を超える安値は1件も出んかった。母集団は厚いのにスプレッドが立たん,⚫ スプレッド無し,63500.0,5
w_ax30,FDR-AX30 BC(ブラック),AX30,18500,,FDR-AX30 BC(ブラック),0,0,,,0,0,0,,0,23,36190.0,70,camera,カメラ,ヤフオク → キタムラ/フジヤ買取,,0.0,N,180日で本体が23件落ちたが、買取を超える安値は1件も出んかった。母集団は厚いのにスプレッドが立たん,⚫ スプレッド無し,12650.0,5
w_ax55,FDR-AX55 BC (ブラック),AX55,40000,,FDR-AX55 BC (ブラック),0,0,,,0,0,0,,0,34,77600.0,121,camera,カメラ,ヤフオク → キタムラ/フジヤ買取,,0.0,N,180日で本体が34件落ちたが、買取を超える安値は1件も出んかった。母集団は厚いのにスプレッドが立たん,⚫ スプレッド無し,32000.0,5
w_ax60,FDR-AX60 B (ブラック),AX60,61000,,FDR-AX60 B (ブラック),0,0,,,1,0,1,0.0,0,47,107700.0,130,camera,カメラ,ヤフオク → キタムラ/フジヤ買取,,0.0,N,180日で本体が47件落ちたが、買取を超える安値は1件も出んかった。母集団は厚いのにスプレッドが立たん,⚫ スプレッド無し,50900.0,5
w_ax700,FDR-AX700,AX700,184000,,FDR-AX700,0,0,,,5,1,2,26800.0,0,24,186164.0,433,camera,カメラ,ヤフオク → キタムラ/フジヤ買取,,0.0,N,180日で本体が24件落ちたが、買取を超える安値は1件も出んかった。母集団は厚いのにスプレッドが立たん,⚫ スプレッド無し,161600.0,5
w_es12060,LEICA DG VARIO-ELMARIT 12-60/2.8-4.0 ASPH./POWER O.I.S. (H-ES12060),ES12060,42000,,LEICA DG VARIO-ELMARIT 12-60/2.8-4.0 ASPH./POWER O.I.S. (H-ES12060),0,0,,,0,0,0,,0,35,58800.0,53,camera,カメラ,ヤフオク → キタムラ/フジヤ買取,,0.0,N,180日で本体が35件落ちたが、買取を超える安値は1件も出んかった。母集団は厚いのにスプレッドが立たん,⚫ スプレッド無し,33800.0,5
w_f007014,LUMIX G VARIO 7-14/4.0 ASPH. (H-F007014),F007014,26600,,LUMIX G VARIO 7-14/4.0 ASPH. (H-F007014),0,0,,,0,0,0,,0,19,34600.0,32,camera,カメラ,ヤフオク → キタムラ/フジヤ買取,,0.0,N,180日で本体が19件落ちたが、買取を超える安値は1件も出んかった。母集団は厚いのにスプレッドが立たん,⚫ スプレッド無し,19940.0,5
w_fsa100300,LUMIX G VARIO 100-300/4.0-5.6 II POWER O.I.S. (H-FSA100300),FSA100300,35000,,LUMIX G VARIO 100-300/4.0-5.6 II POWER O.I.S. (H-FSA100300),0,0,,,0,0,0,,0,24,47961.0,30,camera,カメラ,ヤフオク → キタムラ/フジヤ買取,,0.0,N,180日で本体が24件落ちたが、買取を超える安値は1件も出んかった。母集団は厚いのにスプレッドが立たん,⚫ スプレッド無し,27500.0,5
w_fx30b,FX30 ボディ [ILME-FX30B],FX30B,170000,,FX30 ボディ [ILME-FX30B],0,0,,,0,0,0,,0,23,191000.0,89,camera,カメラ,ヤフオク → キタムラ/フジヤ買取,,0.0,N,180日で本体が23件落ちたが、買取を超える安値は1件も出んかった。母集団は厚いのにスプレッドが立たん,⚫ スプレッド無し,149000.0,5
w_g100dk,LUMIX DC-G100DK-K 標準ズームレンズキット,G100DK,35200,,LUMIX DC-G100DK-K 標準ズームレンズキット,0,0,,,0,0,0,,0,13,66660.0,80,camera,カメラ,ヤフオク → キタムラ/フジヤ買取,,0.0,N,180日で本体が13件落ちたが、買取を超える安値は1件も出んかった。母集団は厚いのにスプレッドが立たん,⚫ スプレッド無し,27680.0,5
w_g100dw,LUMIX DC-G100DW-K ダブルズームレンズキット,G100DW,45333,,LUMIX DC-G100DW-K ダブルズームレンズキット,0,0,,,0,0,0,,0,11,83555.0,150,camera,カメラ,ヤフオク → キタムラ/フジヤ買取,,0.0,N,180日で本体が11件落ちたが、買取を超える安値は1件も出んかった。母集団は厚いのにスプレッドが立たん,⚫ スプレッド無し,36800.0,5
w_g99d,LUMIX DC-G99D-K ボディ ブラック,G99D,40000,,LUMIX DC-G99D-K ボディ ブラック,0,0,,,0,0,0,,0,13,59000.0,21,camera,カメラ,ヤフオク → キタムラ/フジヤ買取,,0.0,N,180日で本体が13件落ちたが、買取を超える安値は1件も出んかった。母集団は厚いのにスプレッドが立たん,⚫ スプレッド無し,32000.0,5
w_gf90,DC-GF90-W ボディ ホワイト【1600万画素】,GF90,15300,,DC-GF90-W ボディ ホワイト【1600万画素】,0,0,,,0,0,0,,0,10,29140.0,75,camera,カメラ,ヤフオク → キタムラ/フジヤ買取,,0.0,N,180日で本体が10件落ちたが、買取を超える安値は1件も出んかった。母集団は厚いのにスプレッドが立たん,⚫ スプレッド無し,9770.0,5
w_h020,LUMIX G 20/1.7 ASPH. (H-H020),H020,15200,,LUMIX G 20/1.7 ASPH. (H-H020),0,0,,,0,0,0,,0,32,22615.0,149,camera,カメラ,ヤフオク → キタムラ/フジヤ買取,,0.0,N,180日で本体が32件落ちたが、買取を超える安値は1件も出んかった。母集団は厚いのにスプレッドが立たん,⚫ スプレッド無し,9680.0,5
w_ilce6300,α6300 ボディ ILCE-6300【2420万画素】,ILCE-6300,39000,,α6300 ボディ ILCE-6300【2420万画素】,0,0,,,0,0,0,,0,39,50050.0,55,camera,カメラ,ヤフオク → キタムラ/フジヤ買取,,0.0,N,180日で本体が39件落ちたが、買取を超える安値は1件も出んかった。母集団は厚いのにスプレッドが立たん,⚫ スプレッド無し,31100.0,5
w_ilce6300l,α6300 ズームキット ILCE-6300L【2420万画素】,ILCE-6300L,45889,,α6300 ズームキット ILCE-6300L【2420万画素】,0,0,,,0,0,0,,0,12,59251.0,16,camera,カメラ,ヤフオク → キタムラ/フジヤ買取,,0.0,N,180日で本体が12件落ちたが、買取を超える安値は1件も出んかった。母集団は厚いのにスプレッドが立たん,⚫ スプレッド無し,37300.0,5
w_ilce6500,α6500 ボディ ILCE-6500【2420万画素】,ILCE-6500,48000,,α6500 ボディ ILCE-6500【2420万画素】,0,0,,,0,0,0,,0,45,63800.0,68,camera,カメラ,ヤフオク → キタムラ/フジヤ買取,,0.0,N,180日で本体が45件落ちたが、買取を超える安値は1件も出んかった。母集団は厚いのにスプレッドが立たん,⚫ スプレッド無し,39200.0,5
w_ilce6700,α6700 ボディ [ILCE-6700],ILCE-6700,122000,,α6700 ボディ [ILCE-6700],0,0,,,0,0,0,,0,77,153000.0,126,camera,カメラ,ヤフオク → キタムラ/フジヤ買取,,0.0,N,180日で本体が77件落ちたが、買取を超える安値は1件も出んかった。母集団は厚いのにスプレッドが立たん,⚫ スプレッド無し,105800.0,5
w_nx80,HXR-NX80,NX80,168000,,HXR-NX80,0,0,,,1,0,1,0.0,0,10,214250.0,48,camera,カメラ,ヤフオク → キタムラ/フジヤ買取,,0.0,N,180日で本体が10件落ちたが、買取を超える安値は1件も出んかった。母集団は厚いのにスプレッドが立たん,⚫ スプレッド無し,147200.0,5
w_p1100,COOLPIX P1100,P1100,75000,,COOLPIX P1100,0,0,,,0,0,0,,0,27,115000.0,500,camera,カメラ,ヤフオク → キタムラ/フジヤ買取,,0.0,N,180日で本体が27件落ちたが、買取を超える安値は1件も出んかった。母集団は厚いのにスプレッドが立たん,⚫ スプレッド無し,63500.0,5
w_r2060,LUMIX S 20-60/3.5-5.6 (S-R2060),R2060,17400,,LUMIX S 20-60/3.5-5.6 (S-R2060),0,0,,,0,0,0,,0,19,28000.0,150,camera,カメラ,ヤフオク → キタムラ/フジヤ買取,,0.0,N,180日で本体が19件落ちたが、買取を超える安値は1件も出んかった。母集団は厚いのにスプレッドが立たん,⚫ スプレッド無し,11660.0,5
w_r28200,LUMIX S 28-200mm F4-7.1 MACRO O.I.S. [S-R28200],R28200,49000,,LUMIX S 28-200mm F4-7.1 MACRO O.I.S. [S-R28200],0,0,,,0,0,0,,0,34,83800.0,61,camera,カメラ,ヤフオク → キタムラ/フジヤ買取,,0.0,N,180日で本体が34件落ちたが、買取を超える安値は1件も出んかった。母集団は厚いのにスプレッドが立たん,⚫ スプレッド無し,40100.0,5
w_rf200,RF200-800mm F6.3-9 IS USM,RF200,206000,,RF200-800mm F6.3-9 IS USM,0,0,,,0,0,0,,0,14,246700.0,500,camera,カメラ,ヤフオク → キタムラ/フジヤ買取,,0.0,N,180日で本体が14件落ちたが、買取を超える安値は1件も出んかった。母集団は厚いのにスプレッドが立たん,⚫ スプレッド無し,181400.0,5
w_rf45mm,RF45mm F1.2 STM,RF45MM,44000,,RF45mm F1.2 STM,0,0,,,0,0,0,,0,19,58900.0,123,camera,カメラ,ヤフオク → キタムラ/フジヤ買取,,0.0,N,180日で本体が19件落ちたが、買取を超える安値は1件も出んかった。母集団は厚いのにスプレッドが立たん,⚫ スプレッド無し,35600.0,5
w_rx10m4,DSC-RX10M4【2010万画素】,RX10M4,89000,,DSC-RX10M4【2010万画素】,0,0,,,0,0,0,,0,97,250000.0,351,camera,カメラ,ヤフオク → キタムラ/フジヤ買取,,0.0,N,180日で本体が97件落ちたが、買取を超える安値は1件も出んかった。母集団は厚いのにスプレッドが立たん,⚫ スプレッド無し,76100.0,5
w_sal24f20z,Distagon T* 24/2 ZA SSM SAL24F20Z,SAL24F20Z,28800,,Distagon T* 24/2 ZA SSM SAL24F20Z,0,0,,,0,0,0,,0,10,42189.5,13,camera,カメラ,ヤフオク → キタムラ/フジヤ買取,,0.0,N,180日で本体が10件落ちたが、買取を超える安値は1件も出んかった。母集団は厚いのにスプレッドが立たん,⚫ スプレッド無し,21920.0,5
w_sal85f14z,Planar T* 85/1.4 ZA SAL85F14Z,SAL85F14Z,47000,,Planar T* 85/1.4 ZA SAL85F14Z,0,0,,,0,0,0,,0,10,60149.0,20,camera,カメラ,ヤフオク → キタムラ/フジヤ買取,,0.0,N,180日で本体が10件落ちたが、買取を超える安値は1件も出んかった。母集団は厚いのにスプレッドが立たん,⚫ スプレッド無し,38300.0,5
w_sel100400gm,FE 100-400/4.5-5.6 GM OSS SEL100400GM,SEL100400GM,133000,,FE 100-400/4.5-5.6 GM OSS SEL100400GM,0,0,,,0,0,0,,0,64,200000.0,96,camera,カメラ,ヤフオク → キタムラ/フジヤ買取,,0.0,N,180日で本体が64件落ちたが、買取を超える安値は1件も出んかった。母集団は厚いのにスプレッドが立たん,⚫ スプレッド無し,115700.0,5
w_sel100f28gm,FE 100/2.8 STF GM OSS SEL100F28GM,SEL100F28GM,59000,,FE 100/2.8 STF GM OSS SEL100F28GM,0,0,,,0,0,0,,0,12,93900.0,33,camera,カメラ,ヤフオク → キタムラ/フジヤ買取,,0.0,N,180日で本体が12件落ちたが、買取を超える安値は1件も出んかった。母集団は厚いのにスプレッドが立たん,⚫ スプレッド無し,49100.0,5
w_sel11f18,E 11mm F1.8 [SEL11F18],SEL11F18,36000,,E 11mm F1.8 [SEL11F18],0,0,,,0,0,0,,0,38,47850.5,51,camera,カメラ,ヤフオク → キタムラ/フジヤ買取,,0.0,N,180日で本体が38件落ちたが、買取を超える安値は1件も出んかった。母集団は厚いのにスプレッドが立たん,⚫ スプレッド無し,28400.0,5
w_sel14f18gm,FE 14/1.8 GM [SEL14F18GM],SEL14F18GM,116000,,FE 14/1.8 GM [SEL14F18GM],0,0,,,1,0,1,0.0,0,28,140806.5,40,camera,カメラ,ヤフオク → キタムラ/フジヤ買取,,0.0,N,180日で本体が28件落ちたが、買取を超える安値は1件も出んかった。母集団は厚いのにスプレッドが立たん,⚫ スプレッド無し,100400.0,5
w_sel14tc,1.4×Teleconverter SEL14TC,SEL14TC,42000,,1.4×Teleconverter SEL14TC,0,0,,,0,0,0,,0,13,57800.0,45,camera,カメラ,ヤフオク → キタムラ/フジヤ買取,,0.0,N,180日で本体が13件落ちたが、買取を超える安値は1件も出んかった。母集団は厚いのにスプレッドが立たん,⚫ スプレッド無し,33800.0,5
w_sel1625g,FE 16-25mm F2.8 G [SEL1625G],SEL1625G,114000,,FE 16-25mm F2.8 G [SEL1625G],0,0,,,0,0,0,,0,21,130625.0,24,camera,カメラ,ヤフオク → キタムラ/フジヤ買取,,0.0,N,180日で本体が21件落ちたが、買取を超える安値は1件も出んかった。母集団は厚いのにスプレッドが立たん,⚫ スプレッド無し,98600.0,5
w_sel1655g,E 16-55/2.8 G SEL1655G,SEL1655G,88000,,E 16-55/2.8 G SEL1655G,0,0,,,0,0,0,,0,18,102750.0,30,camera,カメラ,ヤフオク → キタムラ/フジヤ買取,,0.0,N,180日で本体が18件落ちたが、買取を超える安値は1件も出んかった。母集団は厚いのにスプレッドが立たん,⚫ スプレッド無し,75200.0,5
w_sel16f18g,FE 16mm F1.8 G [SEL16F18G],SEL16F18G,82000,,FE 16mm F1.8 G [SEL16F18G],0,0,,,0,0,0,,0,19,98500.0,20,camera,カメラ,ヤフオク → キタムラ/フジヤ買取,,0.0,N,180日で本体が19件落ちたが、買取を超える安値は1件も出んかった。母集団は厚いのにスプレッドが立たん,⚫ スプレッド無し,69800.0,5
w_sel18135,E 18-135/3.5-5.6 OSS SEL18135,SEL18135,32000,,E 18-135/3.5-5.6 OSS SEL18135,0,0,,,0,0,0,,0,66,44765.0,102,camera,カメラ,ヤフオク → キタムラ/フジヤ買取,,0.0,N,180日で本体が66件落ちたが、買取を超える安値は1件も出んかった。母集団は厚いのにスプレッドが立たん,⚫ スプレッド無し,24800.0,5
w_sel200600g,FE 200-600/5.6-6.3 G OSS SEL200600G,SEL200600G,122000,,FE 200-600/5.6-6.3 G OSS SEL200600G,0,0,,,0,0,0,,0,66,191000.0,98,camera,カメラ,ヤフオク → キタムラ/フジヤ買取,,0.0,N,180日で本体が66件落ちたが、買取を超える安値は1件も出んかった。母集団は厚いのにスプレッドが立たん,⚫ スプレッド無し,105800.0,5
w_sel20f28,E 20/2.8 SEL20F28,SEL20F28,22600,,E 20/2.8 SEL20F28,0,0,,,0,0,0,,0,30,25650.0,86,camera,カメラ,ヤフオク → キタムラ/フジヤ買取,,0.0,N,180日で本体が30件落ちたが、買取を超える安値は1件も出んかった。母集団は厚いのにスプレッドが立たん,⚫ スプレッド無し,16340.0,5
w_sel2450g,FE 24-50mm F2.8 G [SEL2450G],SEL2450G,108000,,FE 24-50mm F2.8 G [SEL2450G],0,0,,,0,0,0,,0,25,129000.0,34,camera,カメラ,ヤフオク → キタムラ/フジヤ買取,,0.0,N,180日で本体が25件落ちたが、買取を超える安値は1件も出んかった。母集団は厚いのにスプレッドが立たん,⚫ スプレッド無し,93200.0,5
w_sel24f14gm,FE 24/1.4 GM SEL24F14GM,SEL24F14GM,76000,,FE 24/1.4 GM SEL24F14GM,0,0,,,1,0,1,0.0,0,53,110000.0,79,camera,カメラ,ヤフオク → キタムラ/フジヤ買取,,0.0,N,180日で本体が53件落ちたが、買取を超える安値は1件も出んかった。母集団は厚いのにスプレッドが立たん,⚫ スプレッド無し,64400.0,5
w_sel24f28g,FE 24mm F2.8 G [SEL24F28G],SEL24F28G,45000,,FE 24mm F2.8 G [SEL24F28G],0,0,,,0,0,0,,0,14,60750.0,26,camera,カメラ,ヤフオク → キタムラ/フジヤ買取,,0.0,N,180日で本体が14件落ちたが、買取を超える安値は1件も出んかった。母集団は厚いのにスプレッドが立たん,⚫ スプレッド無し,36500.0,5
w_sel35f14gm,FE 35/1.4 GM [SEL35F14GM],SEL35F14GM,115000,,FE 35/1.4 GM [SEL35F14GM],0,0,,,0,0,0,,0,40,141009.5,62,camera,カメラ,ヤフオク → キタムラ/フジヤ買取,,0.0,N,180日で本体が40件落ちたが、買取を超える安値は1件も出んかった。母集団は厚いのにスプレッドが立たん,⚫ スプレッド無し,99500.0,5
w_sel35f14z,Distagon T* FE 35/1.4 ZA SEL35F14Z,SEL35F14Z,47000,,Distagon T* FE 35/1.4 ZA SEL35F14Z,0,0,,,0,0,0,,0,17,70000.0,28,camera,カメラ,ヤフオク → キタムラ/フジヤ買取,,0.0,N,180日で本体が17件落ちたが、買取を超える安値は1件も出んかった。母集団は厚いのにスプレッドが立たん,⚫ スプレッド無し,38300.0,5
w_sel35f28z,Sonnar T* FE 35/2.8 ZA SEL35F28Z,SEL35F28Z,31000,,Sonnar T* FE 35/2.8 ZA SEL35F28Z,0,0,,,0,0,0,,0,40,47483.0,51,camera,カメラ,ヤフオク → キタムラ/フジヤ買取,,0.0,N,180日で本体が40件落ちたが、買取を超える安値は1件も出んかった。母集団は厚いのにスプレッドが立たん,⚫ スプレッド無し,23900.0,5
w_sel50f12gm,FE 50mm F1.2 GM [SEL50F12GM],SEL50F12GM,130000,,FE 50mm F1.2 GM [SEL50F12GM],0,0,,,0,0,0,,0,32,190703.0,47,camera,カメラ,ヤフオク → キタムラ/フジヤ買取,,0.0,N,180日で本体が32件落ちたが、買取を超える安値は1件も出んかった。母集団は厚いのにスプレッドが立たん,⚫ スプレッド無し,113000.0,5
w_sel50f14gm,FE 50mm F1.4 GM [SEL50F14GM],SEL50F14GM,114000,,FE 50mm F1.4 GM [SEL50F14GM],0,0,,,0,0,0,,0,45,143000.0,52,camera,カメラ,ヤフオク → キタムラ/フジヤ買取,,0.0,N,180日で本体が45件落ちたが、買取を超える安値は1件も出んかった。母集団は厚いのにスプレッドが立たん,⚫ スプレッド無し,98600.0,5
w_sel50f18f,FE 50/1.8 SEL50F18F,SEL50F18F,16500,,FE 50/1.8 SEL50F18F,0,0,,,0,0,0,,0,48,23000.0,144,camera,カメラ,ヤフオク → キタムラ/フジヤ買取,,0.0,N,180日で本体が48件落ちたが、買取を超える安値は1件も出んかった。母集団は厚いのにスプレッドが立たん,⚫ スプレッド無し,10850.0,5
w_sel50f25g,FE 50mm F2.5 G [SEL50F25G],SEL50F25G,37000,,FE 50mm F2.5 G [SEL50F25G],0,0,,,0,0,0,,0,15,54500.0,23,camera,カメラ,ヤフオク → キタムラ/フジヤ買取,,0.0,N,180日で本体が15件落ちたが、買取を超える安値は1件も出んかった。母集団は厚いのにスプレッドが立たん,⚫ スプレッド無し,29300.0,5
w_sel50m28,FE 50/2.8 Macro SEL50M28,SEL50M28,33000,,FE 50/2.8 Macro SEL50M28,0,0,,,0,0,0,,0,27,37000.0,47,camera,カメラ,ヤフオク → キタムラ/フジヤ買取,,0.0,N,180日で本体が27件落ちたが、買取を超える安値は1件も出んかった。母集団は厚いのにスプレッドが立たん,⚫ スプレッド無し,25700.0,5
w_sel70200g,FE 70-200/4 G OSS SEL70200G,SEL70200G,76000,,FE 70-200/4 G OSS SEL70200G,0,0,,,1,0,1,0.0,0,23,100000.0,35,camera,カメラ,ヤフオク → キタムラ/フジヤ買取,,0.0,N,180日で本体が23件落ちたが、買取を超える安値は1件も出んかった。母集団は厚いのにスプレッドが立たん,⚫ スプレッド無し,64400.0,5
w_sel70200g2,FE 70-200mm F4 Macro G OSS II [SEL70200G2],SEL70200G2,129000,,FE 70-200mm F4 Macro G OSS II [SEL70200G2],0,0,,,0,0,0,,0,33,176000.0,43,camera,カメラ,ヤフオク → キタムラ/フジヤ買取,,0.0,N,180日で本体が33件落ちたが、買取を超える安値は1件も出んかった。母集団は厚いのにスプレッドが立たん,⚫ スプレッド無し,112100.0,5
w_sel70350g,E 70-350/4.5-6.3 G OSS SEL70350G,SEL70350G,73000,,E 70-350/4.5-6.3 G OSS SEL70350G,0,0,,,0,0,0,,0,56,90200.0,77,camera,カメラ,ヤフオク → キタムラ/フジヤ買取,,0.0,N,180日で本体が56件落ちたが、買取を超える安値は1件も出んかった。母集団は厚いのにスプレッドが立たん,⚫ スプレッド無し,61700.0,5
w_selp1635g,FE PZ 16-35mm F4 G [SELP1635G],SELP1635G,61000,,FE PZ 16-35mm F4 G [SELP1635G],0,0,,,0,0,0,,0,37,109980.0,46,camera,カメラ,ヤフオク → キタムラ/フジヤ買取,,0.0,N,180日で本体が37件落ちたが、買取を超える安値は1件も出んかった。母集団は厚いのにスプレッドが立たん,⚫ スプレッド無し,50900.0,5
w_so51b,Xperia1 III SO-51B,SO-51B,18000,,Xperia1 III SO-51B,0,0,,,0,0,0,,0,27,19440.0,150,camera,カメラ,ヤフオク → キタムラ/フジヤ買取,,0.0,N,180日で本体が27件落ちたが、買取を超える安値は1件も出んかった。母集団は厚いのにスプレッドが立たん,⚫ スプレッド無し,12200.0,5
w_sog06,Xperia1 IV SOG06,SOG06,20000,,Xperia1 IV SOG06,0,0,,,0,0,0,,0,17,28500.0,69,camera,カメラ,ヤフオク → キタムラ/フジヤ買取,,0.0,N,180日で本体が17件落ちたが、買取を超える安値は1件も出んかった。母集団は厚いのにスプレッドが立たん,⚫ スプレッド無し,14000.0,5
w_v495m,パナソニック HC-V495M-K ブラック,V495M,26000,,パナソニック HC-V495M-K ブラック,0,0,,,0,0,0,,0,38,44250.0,63,camera,カメラ,ヤフオク → キタムラ/フジヤ買取,,0.0,N,180日で本体が38件落ちたが、買取を超える安値は1件も出んかった。母集団は厚いのにスプレッドが立たん,⚫ スプレッド無し,19400.0,5
w_v900,HC-V900-K ビーズブラック,V900,48000,,HC-V900-K ビーズブラック,0,0,,,0,0,0,,0,14,58300.0,149,camera,カメラ,ヤフオク → キタムラ/フジヤ買取,,0.0,N,180日で本体が14件落ちたが、買取を超える安値は1件も出んかった。母集団は厚いのにスプレッドが立たん,⚫ スプレッド無し,39200.0,5
w_wxf990m,HC-WXF990M-K (ブラック),WXF990M,16100,,HC-WXF990M-K (ブラック),0,0,,,0,0,0,,0,11,45500.0,21,camera,カメラ,ヤフオク → キタムラ/フジヤ買取,,0.0,N,180日で本体が11件落ちたが、買取を超える安値は1件も出んかった。母集団は厚いのにスプレッドが立たん,⚫ スプレッド無し,10490.0,5
w_xa025,LEICA DG SUMMILUX 25/1.4 II ASPH.[H-XA025],XA025,23400,,LEICA DG SUMMILUX 25/1.4 II ASPH.[H-XA025],0,0,,,0,0,0,,0,11,45200.0,21,camera,カメラ,ヤフオク → キタムラ/フジヤ買取,,0.0,N,180日で本体が11件落ちたが、買取を超える安値は1件も出んかった。母集団は厚いのにスプレッドが立たん,⚫ スプレッド無し,17060.0,5
xt4,X-T4 ブラック【2610万画素】,X-T4 ボディ,103000,,X-T4 ブラック【2610万画素】,0,0,,,2,0,2,0.0,0,27,125000.0,49,camera,カメラ,ヤフオク → キタムラ/フジヤ買取,,0.0,N,180日で本体が27件落ちたが、買取を超える安値は1件も出んかった。母集団は厚いのにスプレッドが立たん,⚫ スプレッド無し,88700.0,5
z2470s28,Z 24-70/2.8 S,NIKKOR Z 24-70 2.8,150000,,Z 24-70/2.8 S,0,0,,,0,0,0,,0,70,178000.0,98,camera,カメラ,ヤフオク → キタムラ/フジヤ買取,,0.0,N,180日で本体が70件落ちたが、買取を超える安値は1件も出んかった。母集団は厚いのにスプレッドが立たん,⚫ スプレッド無し,131000.0,5
kemper_head,Kemper Profiler Head,Kemper Profiler Head,55000,Gプリアンプ/シミュレーター,,0,0,,,0,0,0,,0,10,96900.0,18,gakki,楽器,ヤフオク → イシバシ/島村買取,,0.0,N,180日で本体が10件落ちたが、買取を超える安値は1件も出んかった。母集団は厚いのにスプレッドが立たん,⚫ スプレッド無し,44500.0,5
kemper_stage,Kemper Profiler Stage,Kemper Profiler Stage,68000,Gプリアンプ/シミュレーター,,0,0,,,0,0,0,,0,18,132551.5,23,gakki,楽器,ヤフオク → イシバシ/島村買取,,0.0,N,180日で本体が18件落ちたが、買取を超える安値は1件も出んかった。母集団は厚いのにスプレッドが立たん,⚫ スプレッド無し,56200.0,5
mura_ds,ムラマツ フルート DS,ムラマツ フルート DS,240000,フルート,,0,0,,,1,0,1,0.0,0,17,673420.0,30,gakki,楽器,ヤフオク → イシバシ/島村買取,,0.0,N,180日で本体が17件落ちたが、買取を超える安値は1件も出んかった。母集団は厚いのにスプレッドが立たん,⚫ スプレッド無し,211000.0,5
rd2000,ROLAND RD-2000,ROLAND RD-2000,81000,ステージピアノ,,0,0,,,0,0,0,,0,10,137830.0,14,gakki,楽器,ヤフオク → イシバシ/島村買取,,0.0,N,180日で本体が10件落ちたが、買取を超える安値は1件も出んかった。母集団は厚いのにスプレッドが立たん,⚫ スプレッド無し,67900.0,5
yas62,YAS-62 アルトサックス,YAS-62 アルトサックス,110000,アルトサックス,,0,0,,,9,0,9,0.0,0,129,220000.0,201,gakki,楽器,ヤフオク → イシバシ/島村買取,,0.0,N,180日で本体が129件落ちたが、買取を超える安値は1件も出んかった。母集団は厚いのにスプレッドが立たん,⚫ スプレッド無し,94000.0,5
yas875ex,YAS-875EX,YAS-875EX,198000,アルトサックス,,0,0,,,3,0,3,0.0,0,35,334100.0,44,gakki,楽器,ヤフオク → イシバシ/島村買取,,0.0,N,180日で本体が35件落ちたが、買取を超える安値は1件も出んかった。母集団は厚いのにスプレッドが立たん,⚫ スプレッド無し,173200.0,5
yfl212,YFL-212 フルート,YFL-212 フルート,22000,フルート,,0,0,,,4,0,4,0.0,0,40,40700.0,50,gakki,楽器,ヤフオク → イシバシ/島村買取,,0.0,N,180日で本体が40件落ちたが、買取を超える安値は1件も出んかった。母集団は厚いのにスプレッドが立たん,⚫ スプレッド無し,14800.0,5
yfl312,YFL-312 フルート,YFL-312 フルート,36000,フルート,,0,0,,,0,0,0,,0,12,55216.0,22,gakki,楽器,ヤフオク → イシバシ/島村買取,,0.0,N,180日で本体が12件落ちたが、買取を超える安値は1件も出んかった。母集団は厚いのにスプレッドが立たん,⚫ スプレッド無し,27400.0,5
ytr8335s,YTR-8335 ゼノ,YTR-8335 ゼノ,130000,トランペット,,0,0,,,0,0,0,,0,18,179430.0,28,gakki,楽器,ヤフオク → イシバシ/島村買取,,0.0,N,180日で本体が18件落ちたが、買取を超える安値は1件も出んかった。母集団は厚いのにスプレッドが立たん,⚫ スプレッド無し,112000.0,5
yts62,YTS-62 テナーサックス,YTS-62 テナーサックス,110000,テナーサックス,,0,0,,,1,0,1,0.0,0,61,244200.0,111,gakki,楽器,ヤフオク → イシバシ/島村買取,,0.0,N,180日で本体が61件落ちたが、買取を超える安値は1件も出んかった。母集団は厚いのにスプレッドが立たん,⚫ スプレッド無し,94000.0,5
w_ax100,FDR-AX100,AX100,95000,,FDR-AX100,3,0,,0.0,4,3,1,26392.0,0,18,79550.0,496,camera,カメラ,ヤフオク → キタムラ/フジヤ買取,0.0,0.0,C,検品3件が全滅。母集団が腐っとる型番,🔴 死,81500.0,6
w_fz300,DMC-FZ300【1210万画素】,FZ300,31000,,DMC-FZ300【1210万画素】,5,0,,4930.0,0,0,0,,0,45,35530.0,148,camera,カメラ,ヤフオク → キタムラ/フジヤ買取,0.0,0.0,C,検品5件が全滅。母集団が腐っとる型番,🔴 死,23900.0,6
w_ilca99m2,α99II ボディ ILCA-99M2【4240万画素】,ILCA-99M2,155000,,α99II ボディ ILCA-99M2【4240万画素】,3,0,,11500.0,0,0,0,,0,11,200000.0,36,camera,カメラ,ヤフオク → キタムラ/フジヤ買取,0.0,0.0,C,検品3件が全滅。母集団が腐っとる型番,🔴 死,135500.0,6
w_rx100m2,DSC-RX100M2【2020万画素】,RX100M2,40000,,DSC-RX100M2【2020万画素】,13,0,,8500.0,0,0,0,,0,31,38830.0,91,camera,カメラ,ヤフオク → キタムラ/フジヤ買取,0.0,0.0,C,検品13件が全滅。母集団が腐っとる型番,🔴 死,32000.0,6
w_sal70400g2,70-400/4-5.6 G SSM II SAL70400G2,SAL70400G2,91000,,70-400/4-5.6 G SSM II SAL70400G2,5,0,,11600.0,1,1,0,11345.0,0,11,87980.0,14,camera,カメラ,ヤフオク → キタムラ/フジヤ買取,0.0,0.0,C,検品5件が全滅。母集団が腐っとる型番,🔴 死,77900.0,6
w_sel1670z,Vario-Tessar T* E 16-70/4 ZA OSS SEL1670Z,SEL1670Z,32000,,Vario-Tessar T* E 16-70/4 ZA OSS SEL1670Z,3,0,,5301.0,0,0,0,,0,56,39260.0,97,camera,カメラ,ヤフオク → キタムラ/フジヤ買取,0.0,0.0,C,検品3件が全滅。母集団が腐っとる型番,🔴 死,24800.0,6
w_sel55f18z,Sonnar T* FE 55/1.8 ZA SEL55F18Z,SEL55F18Z,46000,,Sonnar T* FE 55/1.8 ZA SEL55F18Z,6,0,,4675.5,0,0,0,,0,117,53500.0,150,camera,カメラ,ヤフオク → キタムラ/フジヤ買取,0.0,0.0,C,検品6件が全滅。母集団が腐っとる型番,🔴 死,37400.0,6
w_so54c,Xperia5 IV SO-54C,SO-54C,18000,,Xperia5 IV SO-54C,7,0,,6448.0,0,0,0,,0,19,23800.0,145,camera,カメラ,ヤフオク → キタムラ/フジヤ買取,0.0,0.0,C,検品7件が全滅。母集団が腐っとる型番,🔴 死,12200.0,6
w_sog12,Xperia5 V SOG12,SOG12,38000,,Xperia5 V SOG12,3,0,,201.0,0,0,0,,0,8,53300.0,74,camera,カメラ,ヤフオク → キタムラ/フジヤ買取,0.0,0.0,C,検品3件が全滅。母集団が腐っとる型番,🔴 死,30200.0,6
w_vs014140,LUMIX G VARIO HD 14-140/4.0-5.8 ASPH./MEGA O.I.S. (H-VS014140),VS014140,16700,,LUMIX G VARIO HD 14-140/4.0-5.8 ASPH./MEGA O.I.S. (H-VS014140),3,0,,2316.0,0,0,0,,0,31,17580.0,63,camera,カメラ,ヤフオク → キタムラ/フジヤ買取,0.0,0.0,C,検品3件が全滅。母集団が腐っとる型番,🔴 死,11030.0,6
gibson_hummingbird,Gibson Hummingbird,Gibson Hummingbird,225000,フラットトップ,,3,0,,6501.0,4,1,3,26184.0,0,31,269000.0,87,gakki,楽器,ヤフオク → イシバシ/島村買取,0.0,0.0,C,検品3件が全滅。母集団が腐っとる型番,🔴 死,197500.0,6
gibson_j45,Gibson J-45 Standard,Gibson J-45 Standard,170000,フラットトップ,,3,0,,14399.0,2,1,1,9695.0,0,39,223410.0,45,gakki,楽器,ヤフオク → イシバシ/島村買取,0.0,0.0,C,検品3件が全滅。母集団が腐っとる型番,🔴 死,148000.0,6
selmer_sa80ii_a,セルマー SA80II アルトサックス,セルマー SA80II アルトサックス,283000,アルトサックス,,4,0,,-36855.0,3,0,3,0.0,0,52,348204.5,64,gakki,楽器,ヤフオク → イシバシ/島村買取,0.0,0.0,C,検品4件が全滅。母集団が腐っとる型番,🔴 死,249700.0,6
