family,niche,落札n,競りn,言い値n,混合の中央,理由
w_rf200,camera,21,5,16,242517,競り上がった落札が5本(要る本数8)
w_nx80,camera,10,3,7,200500,競り上がった落札が3本(要る本数8)
w_sel85f14gm2,camera,15,2,13,199999,競り上がった落札が2本(要る本数8)
kronos2_61,gakki,8,6,2,199550,競り上がった落札が6本(要る本数8)
g_ysl882o,gakki,8,6,2,198000,競り上がった落札が6本(要る本数8)
p_kitchen_im95m,prospect,8,1,7,198000,競り上がった落札が1本(要る本数8)
x100v,camera,12,7,5,196000,競り上がった落札が7本(要る本数8)
w_selp28135g,camera,8,3,5,185300,競り上がった落札が3本(要る本数8)
fender_amp2_jb,gakki,10,6,4,171800,競り上がった落札が6本(要る本数8)
w_rf14,camera,16,6,10,161960,競り上がった落札が6本(要る本数8)
fender_acoustasonic_tele,gakki,10,7,3,158286,競り上がった落札が7本(要る本数8)
w_rf28,camera,12,4,8,153950,競り上がった落札が4本(要る本数8)
p_kitchen_im95tm,prospect,28,4,24,152000,競り上がった落札が4本(要る本数8)
w_dev50v,camera,12,2,10,145449,競り上がった落札が2本(要る本数8)
p_kitchen_dcm115k,prospect,17,1,16,139700,競り上がった落札が1本(要る本数8)
fantom08,gakki,8,6,2,131450,競り上がった落札が6本(要る本数8)
w_sal70200g2,camera,8,1,7,126006,競り上がった落札が1本(要る本数8)
w_lx100m2,camera,20,6,14,125500,競り上がった落札が6本(要る本数8)
w_a065,camera,25,6,19,116138,競り上がった落札が6本(要る本数8)
w_e2460,camera,9,4,5,104000,競り上がった落札が4本(要る本数8)
w_rs100400,camera,17,5,12,100000,競り上がった落札が5本(要る本数8)
w_sel16f18g,camera,30,7,23,99000,競り上がった落札が7本(要る本数8)
w_a075,camera,29,4,25,98000,競り上がった落札が4本(要る本数8)
kemper_head,gakki,9,3,6,94800,競り上がった落札が3本(要る本数8)
w_sel100f28gm,camera,22,6,16,94340,競り上がった落札が6本(要る本数8)
w_r70300,camera,13,5,8,90000,競り上がった落札が5本(要る本数8)
p_kitchen_mgf18k,prospect,12,0,12,89000,競り上がった落札が0本(要る本数8)
w_ns043,camera,10,1,9,88852,競り上がった落札が1本(要る本数8)
p_kitchen_k1261sb,prospect,9,0,9,88000,競り上がった落札が0本(要る本数8)
w_fz1000m2,camera,11,3,8,85250,競り上がった落札が3本(要る本数8)
w_a074,camera,13,3,10,84400,競り上がった落札が3本(要る本数8)
w_a069,camera,10,2,8,81300,競り上がった落札が2本(要る本数8)
p_garden_j3240,prospect,63,0,63,79800,競り上がった落札が0本(要る本数8)
w_r28200,camera,31,5,26,79500,競り上がった落札が5本(要る本数8)
p_watch_gw8202k,prospect,10,2,8,77490,競り上がった落札が2本(要る本数8)
p_kitchen_mgf13k,prospect,10,3,7,70000,競り上がった落札が3本(要る本数8)
p_kitchen_c18k,prospect,13,6,7,68350,競り上がった落札が6本(要る本数8)
p_car_az011,prospect,20,4,16,67298,競り上がった落札が4本(要る本数8)
w_rx10m2,camera,11,7,4,66850,競り上がった落札が7本(要る本数8)
p_tools2_c3606drb,prospect,18,5,13,66847,競り上がった落札が5本(要る本数8)
w_sal70400g,camera,13,4,9,66000,競り上がった落札が4本(要る本数8)
p_tools2_hn90n6,prospect,20,6,14,62590,競り上がった落札が6本(要る本数8)
w_gl690,camera,10,5,5,61012,競り上がった落札が5本(要る本数8)
w_sel24f28g,camera,32,7,25,59950,競り上がった落札が7本(要る本数8)
w_selp18200,camera,9,2,7,59800,競り上がった落札が2本(要る本数8)
w_sel20tc,camera,19,6,13,58900,競り上がった落札が6本(要る本数8)
w_sel14tc,camera,13,4,9,57500,競り上がった落札が4本(要る本数8)
w_v900,camera,16,6,10,57050,競り上がった落札が6本(要る本数8)
w_g99d,camera,20,2,18,56900,競り上がった落札が2本(要る本数8)
w_sal85f14z,camera,18,5,13,56649,競り上がった落札が5本(要る本数8)
w_rf15,camera,11,2,9,56000,競り上がった落札が2本(要る本数8)
w_a068,camera,15,3,12,55680,競り上がった落札が3本(要る本数8)
p_bike_pa24su,prospect,11,7,4,54800,競り上がった落札が7本(要る本数8)
w_sal1635z,camera,11,3,8,54450,競り上がった落札が3本(要る本数8)
w_hsa12035,camera,10,4,6,54400,競り上がった落札が4本(要る本数8)
w_hs35100,camera,14,1,13,53800,競り上がった落札が1本(要る本数8)
w_sog12,camera,10,3,7,53300,競り上がった落札が3本(要る本数8)
w_a046,camera,28,7,21,52850,競り上がった落札が7本(要る本数8)
w_g100d,camera,14,5,9,52500,競り上がった落札が5本(要る本数8)
w_so53d,camera,50,6,44,49848,競り上がった落札が6本(要る本数8)
w_f36,camera,10,7,3,49550,競り上がった落札が7本(要る本数8)
minilogue_xd,gakki,11,6,5,49000,競り上がった落札が6本(要る本数8)
p_kitchen_n1241j,prospect,12,3,9,48950,競り上がった落札が3本(要る本数8)
p_tools_ul18dd,prospect,30,7,23,48350,競り上がった落札が7本(要る本数8)
w_sal135f28,camera,8,3,5,47800,競り上がった落札が3本(要る本数8)
w_xa10,camera,8,2,6,46300,競り上がった落札が2本(要る本数8)
w_xa025,camera,18,5,13,46000,競り上がった落札が5本(要る本数8)
w_fsa14140,camera,19,3,16,45800,競り上がった落札が3本(要る本数8)
w_xa35,camera,8,4,4,45500,競り上がった落札が4本(要る本数8)
w_wxf990m,camera,18,6,12,45250,競り上がった落札が6本(要る本数8)
w_sog10,camera,18,4,14,44825,競り上がった落札が4本(要る本数8)
p_tools2_sk40gd,prospect,19,4,15,44000,競り上がった落札が4本(要る本数8)
w_sel85f18,camera,12,4,8,42950,競り上がった落札が4本(要る本数8)
p_audio_ie600,prospect,14,4,10,41750,競り上がった落札が4本(要る本数8)
w_sal24f20z,camera,13,5,8,41580,競り上がった落札が5本(要る本数8)
p_fishing_s65ml,prospect,14,4,10,41450,競り上がった落札が4本(要る本数8)
w_g100,camera,12,4,8,40400,競り上がった落札が4本(要る本数8)
w_x3000r,camera,8,3,5,40050,競り上がった落札が3本(要る本数8)
p_kitchen_m825c,prospect,11,2,9,39600,競り上がった落札が2本(要る本数8)
p_bike_pa26ch,prospect,9,7,2,38500,競り上がった落札が7本(要る本数8)
p_fishing_s69ul,prospect,8,3,5,37500,競り上がった落札が3本(要る本数8)
w_ax2000,camera,9,6,3,37000,競り上がった落札が6本(要る本数8)
w_hs12035,camera,19,5,14,36850,競り上がった落札が5本(要る本数8)
w_wx995m,camera,16,6,10,35300,競り上がった落札が6本(要る本数8)
w_a402so,camera,14,3,11,32490,競り上がった落札が3本(要る本数8)
p_car_as017,prospect,38,2,36,32061,競り上がった落札が2本(要る本数8)
w_vzx990m,camera,10,6,4,31650,競り上がった落札が6本(要る本数8)
w_sal16f28,camera,10,7,3,31508,競り上がった落札が7本(要る本数8)
w_so52e,camera,13,6,7,31000,競り上がった落札が6本(要る本数8)
p_home_krn01jp,prospect,14,3,11,29800,競り上がった落札が3本(要る本数8)
p_measure_ir4053,prospect,11,5,6,29700,競り上がった落札が5本(要る本数8)
p_home_agr01jp,prospect,19,0,19,29300,競り上がった落札が0本(要る本数8)
w_gf90,camera,14,7,7,27230,競り上がった落札が7本(要る本数8)
p_tools2_c3605dyb,prospect,19,7,12,27000,競り上がった落札が7本(要る本数8)
p_tools2_hn65n1,prospect,40,1,39,23000,競り上がった落札が1本(要る本数8)
w_hs030,camera,13,3,10,22800,競り上がった落札が3本(要る本数8)
p_audio_hd660s,prospect,20,6,14,22475,競り上がった落札が6本(要る本数8)
p_tools2_hn90n1,prospect,21,0,21,22000,競り上がった落札が0本(要る本数8)
p_measure_ir4052,prospect,10,1,9,21495,競り上がった落札が1本(要る本数8)
p_home_kpt02jp,prospect,15,1,14,21200,競り上がった落札が1本(要る本数8)
p_kitchen_m211c,prospect,17,3,14,19800,競り上がった落札が3本(要る本数8)
p_home_egf1800,prospect,11,5,6,19250,競り上がった落札が5本(要る本数8)
p_tools_m3612da,prospect,8,0,8,18480,競り上がった落札が0本(要る本数8)
p_home_rs40,prospect,10,2,8,18050,競り上がった落札が2本(要る本数8)
p_tools_td023d,prospect,19,3,16,18000,競り上がった落札が3本(要る本数8)
p_home_ktt01jp,prospect,17,5,12,15655,競り上がった落札が5本(要る本数8)
p_tools2_cn565s,prospect,11,0,11,15000,競り上がった落札が0本(要る本数8)
p_tools_r36db,prospect,45,4,41,14400,競り上がった落札が4本(要る本数8)
p_tools2_fc1806da,prospect,15,4,11,12100,競り上がった落札が4本(要る本数8)
p_home_l01a,prospect,19,7,12,11000,競り上がった落札が7本(要る本数8)
p_tools_s1155chc,prospect,28,3,25,11000,競り上がった落札が3本(要る本数8)
p_tools_g10bye2,prospect,16,6,10,10750,競り上がった落札が6本(要る本数8)
p_home_egf3300,prospect,10,5,5,10000,競り上がった落札が5本(要る本数8)
p_tools_gex125,prospect,15,5,10,7800,競り上がった落札が5本(要る本数8)
p_tools2_hn90,prospect,17,5,12,7500,競り上がった落札が5本(要る本数8)
p_tools_nw422ed,prospect,12,2,10,7040,競り上がった落札が2本(要る本数8)
p_tools2_ld050p,prospect,29,7,22,5700,競り上がった落札が7本(要る本数8)
p_tools_wta57583hk,prospect,28,0,28,5501,競り上がった落札が0本(要る本数8)
p_bike_pm26nl,prospect,27,4,23,5500,競り上がった落札が4本(要る本数8)
