id,title_旧,trade_in_price_a_旧,title_新,trade_in_price_a_新,旧,新,差額,変化率,商品,向き,family,等級,判定,ニッチ,商品_m,含み
0000849755,DSC-RX100M7【2010万画素】,93000,DSC-RX100M7【2010万画素】,97000,93000,97000,4000,0.043010752688172046,DSC-RX100M7【2010万画素】,📈 上昇,w_rx100m7,A,🟢 実弾GO,カメラ,DSC-RX100M7【2010万画素】,出口が改善。上限入札も上がる
8008847100,LEICA DG VARIO-ELMARIT 35-100mm F2.8 POWER O.I.S. [H-ES35100],93000,LEICA DG VARIO-ELMARIT 35-100mm F2.8 POWER O.I.S. [H-ES35100],89000,93000,89000,-4000,-0.043010752688172046,LEICA DG VARIO-ELMARIT 35-100mm F2.8 POWER O.I.S. [H-ES35100],📉 下落,w_es35100,S,🟣 標本不足,カメラ,LEICA DG VARIO-ELMARIT 35-100mm F2.8 POWER O.I.S. [H-ES35100],出口が悪化。保有分は急いで出せ
0000023511,LUMIX G X VARIO 12-35/2.8 ASPH./POWER O.I.S. (H-HS12035),40000,LUMIX G X VARIO 12-35/2.8 ASPH./POWER O.I.S. (H-HS12035),36000,40000,36000,-4000,-0.1,LUMIX G X VARIO 12-35/2.8 ASPH./POWER O.I.S. (H-HS12035),📉 下落,w_hs12035,B,🟡 薄い,カメラ,LUMIX G X VARIO 12-35/2.8 ASPH./POWER O.I.S. (H-HS12035),出口が悪化。保有分は急いで出せ
0000803541,FE 100/2.8 STF GM OSS SEL100F28GM,66000,FE 100/2.8 STF GM OSS SEL100F28GM,69000,66000,69000,3000,0.045454545454545456,FE 100/2.8 STF GM OSS SEL100F28GM,📈 上昇,w_sel100f28gm,N,⚫ スプレッド無し,カメラ,FE 100/2.8 STF GM OSS SEL100F28GM,出口が改善。上限入札も上がる
8008850873,LUMIX S 24-60mm F2.8 [S-E2460],67000,LUMIX S 24-60mm F2.8 [S-E2460],70000,67000,70000,3000,0.04477611940298507,LUMIX S 24-60mm F2.8 [S-E2460],📈 上昇,w_e2460,N,⚫ スプレッド無し,カメラ,LUMIX S 24-60mm F2.8 [S-E2460],出口が改善。上限入札も上がる
0000804988,FE 24/1.4 GM SEL24F14GM,76000,FE 24/1.4 GM SEL24F14GM,79000,76000,79000,3000,0.039473684210526314,FE 24/1.4 GM SEL24F14GM,📈 上昇,w_sel24f14gm,N,⚫ スプレッド無し,カメラ,FE 24/1.4 GM SEL24F14GM,出口が改善。上限入札も上がる
0000024409,Vario-Tessar T* FE 24-70/4 ZA OSS SEL2470Z,37000,Vario-Tessar T* FE 24-70/4 ZA OSS SEL2470Z,40000,37000,40000,3000,0.08108108108108109,Vario-Tessar T* FE 24-70/4 ZA OSS SEL2470Z,📈 上昇,w_sel2470z,A,🟢 実弾GO,カメラ,Vario-Tessar T* FE 24-70/4 ZA OSS SEL2470Z,出口が改善。上限入札も上がる
0000003809,GS645S プロ (60/4),28100,GS645S プロ (60/4),30900,28100,30900,2800,0.099644128113879,GS645S プロ (60/4),📈 上昇,w_gs645s,L,🔵 玉が薄い,カメラ,GS645S プロ (60/4),出口が改善。上限入札も上がる
0000023821,E 35/1.8 OSS SEL35F18,25800,E 35/1.8 OSS SEL35F18,28300,25800,28300,2500,0.09689922480620156,E 35/1.8 OSS SEL35F18,📈 上昇,w_sel35f18,C,🔴 死,カメラ,E 35/1.8 OSS SEL35F18,出口が改善。上限入札も上がる
0000800452,E 20/2.8 SEL20F28,23800,E 20/2.8 SEL20F28,21500,23800,21500,-2300,-0.09663865546218488,E 20/2.8 SEL20F28,📉 下落,w_sel20f28,N,⚫ スプレッド無し,カメラ,E 20/2.8 SEL20F28,出口が悪化。保有分は急いで出せ
0000024357,E PZ 18-105/4 G OSS SELP18105G,35000,E PZ 18-105/4 G OSS SELP18105G,37000,35000,37000,2000,0.05714285714285714,E PZ 18-105/4 G OSS SELP18105G,📈 上昇,w_selp18105g,S,🟣 標本不足,カメラ,E PZ 18-105/4 G OSS SELP18105G,出口が改善。上限入札も上がる
